{
  "title": "Arabic - العربية",
  "rtl": "true",
  "ar": {
    "translation": {
      "workspaces home": "الصفحة الرئيسية للمساحات",
      "ai assistant": "مساعد الذكاء الاصطناعي",
      "help and documentation": "المساعدة والوثائق",
      "settings": "الإعدادات",
      "actions": "الإجراءات",
      "close all active work areas": "إغلاق جميع مناطق العمل النشطة",
      "restart": "إعادة التشغيل",
      "quit": "الخروج",
      "zoom in": "تكبير",
      "zoom out": "تصغير",
      "zoom reset": "إعادة تعيين التكبير",
      "toggle fullscreen": "تبديل ملء الشاشة",
      "question": "سؤال",
      "AI assistant is being initialized": "يتم تهيئة مساعد الذكاء الاصطناعي",
      "it's so empty here, why not adding a workspace?": "هنا فارغ جدًا، لماذا لا تقوم بإضافة مساحة عمل؟",
      "add workspace": "إضافة مساحة عمل",
      "or": "أو",
      "create a docker project": "إنشاء مشروع docker",
      "refresh workspace": "تحديث مساحة العمل",
      "no clusters added to the workspace yet, why not adding one?": "لم تتم إضافة أي مجموعات إلى مساحة العمل بعد، لماذا لا تقوم بإضافة واحدة؟",
      "no docker projects created yet, why not adding one?": "لم يتم إنشاء أي مشروعات docker بعد، لماذا لا تقوم بإضافة واحدة؟",
      "add cluster": "إضافة مجموعة",
      "create project": "إنشاء مشروع",
      "refresh clusters": "تحديث المجموعات",
      "refresh projects": "تحديث المشاريع",
      "workspace name": "اسم المساحة",
      "workspace color": "لون المساحة",
      "workspace path": "مسار المساحة",
      "set default path": "تعيين المسار الافتراضي",
      "close": "إغلاق",
      "basic": "أساسي",
      "optional": "اختياري",
      "authentication": "المصادقة",
      "SSH tunnel": "نفق SSH",
      "SSL configuration": "إعداد SSL",
      "cluster name": "اسم المجموعة",
      "example": "مثال",
      "host name": "اسم الخادم",
      "port": "المنفذ",
      "default": "افتراضي",
      "username": "اسم المستخدم",
      "password": "كلمة المرور",
      "save authentication credentials locally": "حفظ بيانات المصادقة محليًا",
      "host": "المضيف",
      "connection host name": "اسم المضيف للاتصال",
      "private key file": "ملف المفتاح الخاص",
      "destination address": "عنوان الوجهة",
      "destination port": "منفذ الوجهة",
      "connection port": "منفذ الاتصال",
      "save SSH credentials locally": "حفظ بيانات SSH محليًا",
      "certificate file": "ملف الشهادة",
      "user key file": "ملف مفتاح المستخدم",
      "user certificate file": "ملف شهادة المستخدم",
      "enable connection with SSL": "تمكين الاتصال باستخدام SSL",
      "validate files": "التحقق من الملفات",
      "switch editor": "تبديل المحرر",
      "expand editor": "توسيع المحرر",
      "test connection": "اختبار الاتصال",
      "create docker project": "إنشاء مشروع docker",
      "project name": "اسم المشروع",
      "version": "الإصدار",
      "run the project once created": "تشغيل المشروع بمجرد إنشائه",
      "app settings": "إعدادات التطبيق",
      "variables": "المتغيرات",
      "security": "الأمان",
      "languages": "اللغات",
      "limitation": "القيد",
      "refresh variables": "تحديث المتغيرات",
      "delete selected variables": "حذف المتغيرات المحددة",
      "add variable": "إضافة متغير",
      "no added variables, yet": "لا توجد متغيرات مضافة حتى الآن",
      "protect app content": "حماية محتوى التطبيق",
      "protect app content from being captured": "حماية محتوى التطبيق من التقاطه",
      "display language": "لغة العرض",
      "language": "اللغة",
      "allowed running instances": "النسخ المسموح تشغيلها",
      "CQLSH session": "جلسة CQLSH",
      "CQLSH sessions": "جلسات CQLSH",
      "maximum number": "الحد الأقصى للعدد",
      "sandbox projects": "مشاريع الرملية",
      "save settings": "حفظ الإعدادات",
      "load snapshot": "تحميل اللقطة",
      "search": "بحث",
      "toggle snapshots selections": "تبديل تحديد اللقطات",
      "delete selected snapshots": "حذف اللقطات المحددة",
      "cancel": "إلغاء",
      "confirm": "تأكيد",
      "credentials": "بيانات الاعتماد",
      "ignore credentials": "تجاهل بيانات الاعتماد",
      "proceed": "متابعة",
      "are you sure about closing all active work areas - including sandbox projects - ?": "هل أنت متأكد من إغلاق جميع مناطق العمل النشطة - بما في ذلك مشاريع الاختبار التجريبي -؟",
      "close work area": "إغلاق منطقة العمل",
      "the work area of cluster [b]$data[/b] in workspace [b]$data[/b] has been successfully closed": "تم إغلاق منطقة العمل في المجموعة [b]$data[/b] في مساحة العمل [b]$data[/b] بنجاح",
      "settings have been successfully saved": "تم حفظ الإعدادات بنجاح",
      "some settings have been successfully saved, however, an error has occurred with variables, $data": "تم حفظ بعض الإعدادات بنجاح، ولكن حدث خطأ في المتغيرات، $data",
      "ignore cluster credentials": "تجاهل بيانات اعتماد المجموعة",
      "something went wrong, failed to update the cluster [b]$data[/b]": "حدث خطأ ما، فشل في تحديث المجموعة [b]$data[/b]",
      "cluster credentials": "بيانات اعتماد المجموعة",
      "please provide a valid authentication credentials": "يرجى تقديم بيانات اعتماد المصادقة الصحيحة",
      "please provide a valid SSH credentials": "يرجى تقديم بيانات اعتماد SSH الصحيحة",
      "save cluster credentials": "حفظ بيانات اعتماد المجموعة",
      "right now there are many questions to answer, give it another try after a while": "الآن هناك العديد من الأسئلة للإجابة عليها، حاول مرة أخرى بعد فترة",
      "connect": "اتصال",
      "cluster settings": "إعدادات المجموعة",
      "delete cluster": "حذف المجموعة",
      "start": "بدء",
      "delete docker project": "حذف مشروع docker",
      "test connection with cluster": "اختبار الاتصال مع المجموعة",
      "this cluster [b]$data[/b] has an active work area, make sure to close its work area before attempting to test connection with it": "هذه المجموعة [b]$data[/b] لديها منطقة عمل نشطة، تأكد من إغلاق منطقتها قبل محاولة اختبار الاتصال معها",
      "the maximum number of clusters which allowed to be connected to simultaneously is [b]$data[/b]": "الحد الأقصى لعدد المجموعات التي يُسمح بالاتصال بها في نفس الوقت هو [b]$data[/b]",
      "this limitation can be changed from the app's settings in the limitation section": "يمكن تغيير هذا القيد من إعدادات التطبيق في قسم القيد",
      "query tracing": "تتبع الاستعلام",
      "failed to get the query tracing result for the session [b]$data[/b]": "فشل في الحصول على نتيجة تتبع الاستعلام للجلسة [b]$data[/b]",
      "connect with cluster": "الاتصال بالمجموعة",
      "analyzing status": "تحليل الحالة",
      "open AxonOps in browser": "فتح AxonOps في المتصفح",
      "copy metadata": "نسخ البيانات الوصفية",
      "refresh metadata": "تحديث البيانات الوصفية",
      "visualized metadata": "بيانات وصفية مرئية",
      "cluster diff": "فارق المجموعة",
      "restart the work area": "إعادة تشغيل منطقة العمل",
      "close the work area": "إغلاق منطقة العمل",
      "refresh the view": "تحديث العرض",
      "take screenshot": "التقاط لقطة شاشة",
      "destroy the view": "تدمير العرض",
      "visualize metadata": "تصور البيانات الوصفية",
      "search by session ID or part of the query": "البحث بواسطة معرف الجلسة أو جزء من الاستعلام",
      "no query has been traced yet": "لم يتم تتبع أي استعلام حتى الآن",
      "old": "قديم",
      "changes": "التغييرات",
      "save a snapshot": "حفظ لقطة",
      "load a snapshot": "تحميل لقطة",
      "open the snapshots folder": "فتح مجلد اللقطات",
      "new": "جديد",
      "snapshot suffix": "لاحقة اللقطة",
      "save snapshot": "حفظ اللقطة",
      "activity": "النشاط",
      "source": "المصدر",
      "source port": "منفذ المصدر",
      "source elapsed": "مدة المصدر",
      "thread": "الموضوع",
      "metadata for the cluster [b]$data[/b] has been copied to the clipboard, the size is $data": "تم نسخ البيانات الوصفية للمجموعة [b]$data[/b] إلى الحافظة، الحجم $data",
      "show differentiation": "عرض الاختلافات",
      "there is no difference between the old and new metadata": "لا يوجد اختلاف بين البيانات الوصفية القديمة والجديدة",
      "failed to save snapshot, please make sure the app has write permissions and try again": "فشل في حفظ اللقطة، يرجى التحقق من أن التطبيق يمتلك صلاحيات الكتابة والمحاولة مرة أخرى",
      "the snapshot has been successfully saved with name [b]$data[/b]": "تم حفظ اللقطة بنجاح بالاسم [b]$data[/b]",
      "there are no saved snapshots for the cluster [b]$data[/b], attempt first to save one": "لا توجد لقطات محفوظة للمجموعة [b]$data[/b]، حاول أولاً حفظ واحدة",
      "the snapshot [b]$data[/b] has been successfully loaded": "تم تحميل اللقطة [b]$data[/b] بنجاح",
      "failed to load the snapshot [b]$data[/b], make sure the file exists and it is a valid [code]JSON[/code]": "فشل في تحميل اللقطة [b]$data[/b]، تأكد من وجود الملف وأنه ملف [code]JSON[/code] صالح",
      "delete snapshot": "حذف اللقطة",
      "failed to delete the snapshot [b]$data[/b], it may be already deleted or there is no permission granted to delete it": "فشل في حذف اللقطة [b]$data[/b]، قد يكون قد تم حذفها بالفعل أو لا توجد إذن لحذفها",
      "the snapshot [b]$data[/b] has been successfully deleted": "تم حذف اللقطة [b]$data[/b] بنجاح",
      "do you want to delete the snapshot [b]$data[/b]? once you confirm, there is no undo": "هل ترغب في حذف اللقطة [b]$data[/b]؟ بمجرد التأكيد، لا يمكن التراجع",
      "stop docker containers": "إيقاف حاويات docker",
      "containers of the docker project [b]$data[/b] were not successfully stopped": "لم يتم إيقاف حاويات مشروع docker في المجلد [b]$data[/b] بنجاح",
      "containers of the docker project [b]$data[/b] have been successfully stopped": "تم إيقاف حاويات مشروع docker في المجلد [b]$data[/b] بنجاح",
      "close docker project work area": "إغلاق منطقة العمل لمشروع docker",
      "the work area of the docker project [b]$data[/b] has been successfully closed, attempting to stop the docker containers": "تم إغلاق منطقة العمل لمشروع docker في المجلد [b]$data[/b] بنجاح، محاولة إيقاف حاويات docker",
      "start docker project": "بدء مشروع docker",
      "the maximum number of sandbox projects which allowed to be started simultaneously is [b]$data[/b]": "الحد الأقصى لعدد مشاريع الرملية المسموح بها للبدء في وقت واحد هو [b]$data[/b]",
      "docker is seems to be downloading necessary images and related files, this is a once time process and might take up to 10 minutes depending on the internet connection": "يبدو أن docker يقوم بتنزيل الصور والملفات ذات الصلة الضرورية، وهذه عملية مرة واحدة وقد تستغرق حتى 10 دقائق تبعًا لاتصال الإنترنت",
      "something went wrong, it seems the docker project [b]$data[/b] didn't run as expected": "حدث خطأ ما، يبدو أن مشروع docker في المجلد [b]$data[/b] لم يعمل كما هو متوقع",
      "docker project [b]$data[/b] has been successfully started, waiting for Apache Cassandra ™ to be up, you'll be automatically navigated to the project work area once it's up": "تم بدء مشروع docker في المجلد [b]$data[/b] بنجاح، في انتظار تشغيل Apache Cassandra ™، سيتم توجيهك تلقائيًا إلى منطقة العمل للمشروع بمجرد تشغيله",
      "something went wrong, it seems the Apache Cassandra ™ nodes of the docker project [b]$data[/b] didn't start as expected, automatic stop of the docker project will be started in seconds": "حدث خطأ ما، يبدو أن أجهزة Apache Cassandra ™ في مشروع docker في المجلد [b]$data[/b] لم تبدأ كما هو متوقع، سيتم بدء إيقاف تشغيل مشروع docker تلقائيًا خلال ثوانٍ",
      "stop docker project": "إيقاف مشروع docker",
      "something went wrong, failed to stop the docker project [b]$data[/b], please consider to do it manually by stopping the project [b]cassandra_$data[/b]": "حدث خطأ ما، فشل في إيقاف مشروع docker في المجلد [b]$data[/b]، يرجى النظر في القيام بذلك يدويًا عن طريق إيقاف مشروع [b]cassandra_$data[/b]",
      "the docker project [b]$data[/b] has been successfully stopped": "تم إيقاف مشروع docker في المجلد [b]$data[/b] بنجاح",
      "apache Cassandra ™ nodes of the docker project [b]$data[/b] has been successfully started and ready to be connected with, work area will be created and navigated to in seconds": "تم بدء أجهزة Apache Cassandra ™ في مشروع docker في المجلد [b]$data[/b] بنجاح وجاهزة للاتصال بها، سيتم إنشاء منطقة العمل والتنقل إليها في ثوانٍ",
      "edit cluster": "تحرير المجموعة",
      "this cluster [b]$data[/b] has an active work area, make sure to close its work area before attempting to edit it": "هذه المجموعة [b]$data[/b] لديها منطقة عمل نشطة، تأكد من إغلاق منطقتها قبل محاولة التحرير",
      "unable to locate cluster [b]$data[/b] workspace folder": "غير قادر على تحديد موقع مجلد مساحة العمل للمجموعة [b]$data[/b]",
      "an error has occurred with secret keys, please check the app permissions and make sure the keychain feature is available on your system": "حدث خطأ مع المفاتيح السرية، يرجى التحقق من أذونات التطبيق والتأكد من توفر ميزة سلسلة المفاتيح على نظامك",
      "secret keys": "المفاتيح السرية",
      "do you want to entirely delete the cluster [b]$data[/b] in the workspace [b]$data[/b]?": "هل ترغب في حذف المجموعة بالكامل [b]$data[/b] في مساحة العمل [b]$data[/b]؟",
      "do you want to entirely delete the docker project [b]$data[/b]?": "هل ترغب في حذف مشروع docker بالكامل [b]$data[/b]؟",
      "there's an active work area for the docker project [b]$data[/b], please consider to close it before attempting to delete the project again": "هناك منطقة عمل نشطة لمشروع docker في المجلد [b]$data[/b]، يرجى النظر في إغلاقها قبل محاولة حذف المشروع مرة أخرى",
      "something went wrong, failed to delete the docker project [b]$data[/b]": "حدث خطأ ما، فشل في حذف مشروع docker في المجلد [b]$data[/b]",
      "the docker project [b]$data[/b] has been successfully deleted": "تم حذف مشروع docker في المجلد [b]$data[/b] بنجاح",
      "failed to delete cluster [b]$data[/b] in workspace [b]$data[/b], please check that it's exists, and the app has permission to access the workspace folder": "فشل في حذف المجموعة [b]$data[/b] في مساحة العمل [b]$data[/b]، يرجى التحقق من وجودها ومنح التطبيق إذن الوصول إلى مجلد مساحة العمل",
      "cluster [b]$data[/b] in workspace [b]$data[/b] has been successfully deleted": "تم حذف المجموعة [b]$data[/b] في مساحة العمل [b]$data[/b] بنجاح",
      "test connection with cluster": "اختبار الاتصال بالمجموعة",
      "something went wrong while attempting to test connection with cluster [b]$data[/b] in workspace [b]$data[/b], mostly it is an issue with <code>cqlsh.rc</code> file": "حدث خطأ أثناء محاولة اختبار الاتصال بالمجموعة [b]$data[/b] في مساحة العمل [b]$data[/b]، وغالبًا ما يكون المشكلة في ملف <code>cqlsh.rc</code>",
      "content for this connection contains sensitive data (username, password, and alike), please consider removing them before attempting to connect again": "محتوى هذا الاتصال يحتوي على بيانات حساسة (اسم المستخدم، كلمة المرور، وما شابه ذلك)، يرجى التفكير في إزالتها قبل محاولة الاتصال مرة أخرى",
      "unsupported version": "الإصدار غير مدعوم",
      "the detected version of Apache Cassandra ™ is [b]$data[/b], unwanted behavior and compatibility issues may be encountered": "تم اكتشاف الإصدار المستخدم لـ Apache Cassandra ™ بأنه [b]$data[/b]، قد تواجه مشكلات في الأداء غير المرغوب فيها وقضايا توافق",
      "failed to connect with cluster [b]$data[/b] in workspace [b]$data[/b]": "فشل الاتصال بالمجموعة [b]$data[/b] في مساحة العمل [b]$data[/b]",
      "script \"$data\" didn't return the success code <code>0</code>, but": "لم يعُد البرنامج النصي \"$data\" برمز النجاح <code>0</code>، ولكن",
      "script \"$data\" seems not to exist, please check its path and make sure it has no errors": "يبدو أن البرنامج النصي \"$data\" غير موجود، يرجى التحقق من مساره والتأكد من عدم وجود أخطاء فيه",
      "test connection with cluster [b]$data[/b] in workspace [b]$data[/b] has finished with success, you can now connect with it and start a session": "اكتمل اختبار الاتصال بالمجموعة [b]$data[/b] في مساحة العمل [b]$data[/b] بنجاح، يمكنك الآن الاتصال بها وبدء جلسة",
      "SSH client has to be installed and accessible in order to establish an SSH tunnel, please make sure to install it on your machine": "يجب تثبيت عميل SSH وجعله قابلاً للوصول من أجل إنشاء نفق SSH، يرجى التأكد من تثبيته على جهاز الكمبيوتر الخاص بك",
      "SSH tunnel can't be established without passing at least a username, please check the given info before attempting to connect again": "لا يمكن إنشاء نفق SSH دون تمرير اسم مستخدم على الأقل، يرجى التحقق من المعلومات المقدمة قبل محاولة الاتصال مرة أخرى",
      "failed to establish an SSH tunnel for cluster [b]$data[/b]": "فشل في إنشاء نفق SSH للمجموعة [b]$data[/b]",
      "analyzing status": "تحليل الحالة",
      "SSL is enabled": "SSL مفعل",
      "SSL is not enabled": "SSL غير مفعل",
      "to test connection, the hostname is the only required field to be fulfilled": "لاختبار الاتصال، اسم المضيف هو الحقل الوحيد الذي يجب ملؤه",
      "error details": "تفاصيل الخطأ",
      "failed to connect with cluster": "فشل الاتصال بالمجموعة",
      "successfully connected with the cluster": "تم الاتصال بالمجموعة بنجاح",
      "you may now save it": "يمكنك الآن حفظه",
      "you can now complete the update": "يمكنك الآن استكمال التحديث",
      "failed to complete the test process, please check the app's privileges to read/write": "فشل في إكمال عملية الاختبار، يرجى التحقق من صلاحيات التطبيق للقراءة/الكتابة",
      "failed to establish an SSH tunnel for the cluster": "فشل في إنشاء نفق SSH للمجموعة",
      "to save a cluster, a unique valid name is required to be fulfilled": "لحفظ مجموعة، يجب توفير اسم فريد وصالح",
      "a cluster is already exists with the given name [b]$data[/b] in workspace [b]$data[/b], please provide a unique valid name": "مجموعة بالفعل موجودة بالاسم المعطى [b]$data[/b] في مساحة العمل [b]$data[/b]، يرجى توفير اسم فريد وصالح",
      "failed to update the cluster": "فشل في تحديث المجموعة",
      "failed to save the new cluster": "فشل في حفظ المجموعة الجديدة",
      "the cluster has been updated successfully": "تم تحديث المجموعة بنجاح",
      "the new cluster has been saved successfully": "تم حفظ المجموعة الجديدة بنجاح",
      "select workspace folder path": "حدد مسار مجلد مساحة العمل",
      "do you want to delete the selected snapshots? once you confirm, there is no undo": "هل تريد حذف اللقطات المحددة؟ بمجرد تأكيدك، لا يمكن التراجع",
      "sandbox feature requires [code]docker[/code] and its [code]docker-compose[/code] tool to be installed, please make sure it's installed and accessible before attempting to create a docker project": "ميزة الرمل تتطلب تثبيت [code]docker[/code] وأداة [code]docker-compose[/code] الخاصة به، يرجى التأكد من تثبيتها وإتاحتها قبل محاولة إنشاء مشروع docker",
      "something went wrong, failed to save the docker project": "حدث خطأ ما، فشل في حفظ مشروع docker",
      "the project with Apache Cassandra ™ v$data has been successfully created and saved": "تم إنشاء المشروع بـ Apache Cassandra ™ v$data بنجاح وتم حفظه",
      "refresh variables": "تحديث المتغيرات",
      "variables have been refreshed": "تم تحديث المتغيرات",
      "variable or more are not having invalid name or value, make sure unique names and values are provided for each variable": "متغير واحد أو أكثر ليس لديهم اسم أو قيمة غير صالحة، تأكد من توفير أسماء وقيم فريدة لكل متغير",
      "a collision has been detected in variable [b]$data[/b], please consider [b]$data[/b] to prevent that collision": "تم اكتشاف تعارض في المتغير [b]$data[/b]، يرجى التفكير في [b]$data[/b] لتجنب هذا التعارض",
      "change their values": "قم بتغيير قيمها",
      "adjust the variable scope": "ضبط نطاق المتغير",
      "open the workspace folder": "افتح مجلد مساحة العمل",
      "open the docker project folder": "افتح مجلد مشروع docker",
      "open the cluster folder": "افتح مجلد العنقود",
      "workspace settings": "إعدادات مساحة العمل",
      "delete workspace": "حذف مساحة العمل",
      "add project": "إضافة مشروع",
      "sandbox feature requires docker": "ميزة الرمل تتطلب docker",
      "starting or stopping a sandbox project may prompt an authentication request due to its reliance on [code]docker[/code] and [code]docker-compose[/code]": "قد تطلب بدء أو إيقاف مشروع الرمل طلب مصادقة نظرًا لاعتماده على [code]docker[/code] و[code]docker-compose[/code]",
      "edit workspace": "تحرير مساحة العمل",
      "update workspace": "تحديث مساحة العمل",
      "do you want to entirely delete the workspace [b]$data[/b]? once you confirm, there is no undo": "هل تريد حذف مساحة العمل [b]$data[/b] بالكامل؟ بمجرد تأكيدك، لا يمكن التراجع",
      "to delete a workspace, it must be empty and not have any clusters in it, make sure to delete all clusters inside the workspace [b]$data[/b] before attempting to delete it again": "لحذف مساحة العمل، يجب أن تكون فارغة وأن لا تحتوي على أي مجموعات فيها، تأكد من حذف جميع المجموعات داخل مساحة العمل [b]$data[/b] قبل محاولة حذفها مرة أخرى",
      "something went wrong, failed to delete workspace [b]$data[/b]": "حدث خطأ ما، فشل في حذف مساحة العمل [b]$data[/b]",
      "workspace [b]$data[/b] has been successfully deleted": "تم حذف مساحة العمل [b]$data[/b] بنجاح",
      "the selected path is inaccessible and can't be used, please make sure you have read/write permissions": "المسار المحدد غير قابل للوصول ولا يمكن استخدامه، يرجى التأكد من أن لديك أذونات قراءة/كتابة",
      "please provide a valid and unique name for the workspace": "يرجى توفير اسم صالح وفريد لمساحة العمل",
      "one cluster or more in the workspace [b]$data[/b] are having an active work area, please make sure to close the work area before attempting to edit the workspace again": "هناك مجموعة واحدة أو أكثر في مساحة العمل [b]$data[/b] تحتوي على منطقة عمل نشطة، يرجى التأكد من إغلاق منطقة العمل قبل محاولة تحرير مساحة العمل مرة أخرى",
      "something went wrong, failed to update workspace [b]$data[/b]": "حدث خطأ ما، فشل في تحديث مساحة العمل [b]$data[/b]",
      "the workspace [b]$data[/b] has been successfully added": "تمت إضافة مساحة العمل [b]$data[/b] بنجاح",
      "something went wrong, failed to add workspace [b]$data[/b]": "حدث خطأ ما، فشل في إضافة مساحة العمل [b]$data[/b]",
      "to add a new workspace, a unique name must be provided, please choose another name rather than [b]$data[/b] for the workspace": "لإضافة مساحة عمل جديدة، يجب توفير اسم فريد، يرجى اختيار اسم آخر بدلاً من [b]$data[/b] لمساحة العمل",
      "variable name": "اسم المتغير",
      "variable value": "قيمة المتغير",
      "view": "عرض",
      "enter": "إدخال",
      "cassandra credentials": "بيانات اعتماد Cassandra",
      "it can be enabled by running": "يمكن تمكينه بتشغيل",
      "update cluster": "تحديث المجموعة",
      "cluster": "مجموعة",
      "cassandra nodes": "عقد Cassandra",
      "$data-connection scripts execution": "تنفيذ سكربتات الاتصال $data",
      "pre": "قبل",
      "post": "بعد",
      "post-connection scripts are being executed after closing the connection with cluster [b]$data[/b], you'll be notified once the process is finished": "سيتم تنفيذ سكربتات ما بعد الاتصال بعد إغلاق الاتصال بالمجموعة [b]$data[/b]، ستتلقى إشعارًا بمجرد انتهاء العملية",
      "all $data-connection scripts with cluster [b]$data[/b] have been successfully executed": "تم تنفيذ جميع سكربتات الاتصال $data مع المجموعة [b]$data[/b] بنجاح",
      "pre-connection scripts are being executed before starting the connection with cluster [b]$data[/b], you'll be notified once the process is finished": "سيتم تنفيذ سكربتات ما قبل الاتصال قبل بدء الاتصال بالمجموعة [b]$data[/b]، ستتلقى إشعارًا بمجرد انتهاء العملية",
      "an error has occurred while executing $data-connection scripts with cluster [b]$data[/b]": "حدث خطأ أثناء تنفيذ سكربتات الاتصال $data مع المجموعة [b]$data[/b]",
      "post-connection scripts are being executed after closing the connection with the cluster, you'll be notified once the process is finished": "سيتم تنفيذ سكربتات ما بعد الاتصال بعد إغلاق الاتصال بالمجموعة، ستتلقى إشعارًا بمجرد انتهاء العملية",
      "all $data-connection scripts with the cluster have been successfully executed": "تم تنفيذ جميع سكربتات الاتصال $data مع المجموعة بنجاح",
      "an error has occurred while executing $data-connection scripts with the cluster": "حدث خطأ أثناء تنفيذ سكربتات الاتصال $data مع المجموعة",
      "pre-connection scripts are being executed before starting the connection with the cluster, you'll be notified once the process is finished": "يتم تنفيذ البرامج النصية الخاصة بالاتصال المسبق قبل بدء الاتصال بالمجموعة، وسيتم إعلامك بمجرد انتهاء العملية",
      "bash session": "جلسة bash",
      "press [kbd]SHIFT[/kbd] [kbd]ENTER[/kbd] to ask": "اضغط [kbd]SHIFT[/kbd] [kbd]ENTER[/kbd] لتسأل",
      "minute": "دقيقة",
      "minutes": "دقائق",
      "a minute ago": "قبل دقيقة",
      "in a minute": "في دقيقة",
      "hour": "ساعة",
      "hours": "ساعات",
      "an hour ago": "قبل ساعة",
      "in an hour": "في ساعة",
      "day": "يوم",
      "days": "أيام",
      "yesterday": "أمس",
      "tomorrow": "غدًا",
      "week": "أسبوع",
      "weeks": "أسابيع",
      "last week": "الأسبوع الماضي",
      "in a week": "في أسبوع",
      "month": "شهر",
      "months": "أشهر",
      "last month": "الشهر الماضي",
      "in a month": "في شهر",
      "in": "في",
      "ago": "منذ",
      "just now": "الآن",
      "year": "سنة",
      "last year": "العام الماضي",
      "in a year": "في سنة",
      "there are no notifications to check": "لا توجد إشعارات للتحقق منها",
      "passphrase": "عبارة المرور",
      "clear": "إزالة",
      "deleting a question will also delete its answer, are you sure?": "حذف السؤال سيؤدي أيضًا إلى حذف إجابته، هل أنت متأكد؟",
      "delete question": "حذف سؤال",
      "something went wrong, failed to delete the question": "حدث خطب ما، لقد فشلت محاولة حذف السؤال",
      "the question has been successfully deleted": "تم حذف السؤال بنجاح",
      "instances in loading processes": "مثيلات في عمليات التحميل",
      "logging": "تسجيل",
      "logging system": "نظام التسجيل",
      "log info, actions, processes and related": "تسجيل المعلومات، العمليات وما شابه",
      "this update needs an app restart": "هذا التحديث يحتاج إعادة تشغيل البرنامج",
      "sandbox feature requires the current user to be in the [code]docker[/code] group in [b]Linux[/b], please make sure this requirement is met then try again": "تتطلب ميزة المشاريع الرملية أن يكون المستخدم الحالي في مجموعة [code]docker[/code] في [b]Linux[/b]، يرجى التأكد من استيفاء هذا المطلب ثم حاول مرة أخرى",
      "the work area of docker project [b]$data[/b] is being terminated": "يتم إنهاء منطقة عمل مشروع docker [b]$data[/b]",
      "CQL description": "وصف CQL",
      "search for CQL description": "ابحث عن وصف CQL",
      "right click on the cluster, keyspace or table and get its CQL description": "انقر بزر الماوس الأيمن على المجموعة أو مساحة المفاتيح أو الجدول واحصل على وصف CQL الخاص بها",
      "get CQL description": "الحصول على وصف CQL"
    }
  }
}
