{
  "title": "French - Français",
  "rtl": "false",
  "fr": {
    "translation": {
      "workspaces home": "Accueil des espaces de travail",
      "ai assistant": "Assistant IA",
      "help and documentation": "Aide et documentation",
      "settings": "Paramètres",
      "actions": "Actions",
      "close all active work areas": "Fermer toutes les zones de travail actives",
      "restart": "Redémarrer",
      "quit": "Quitter",
      "zoom in": "Zoom avant",
      "zoom out": "Zoom arrière",
      "zoom reset": "Réinitialiser le zoom",
      "toggle fullscreen": "Basculer en plein écran",
      "question": "Question",
      "AI assistant is being initialized": "L'assistant IA est en cours d'initialisation",
      "it's so empty here, why not adding a workspace?": "C'est tellement vide ici, pourquoi ne pas ajouter un espace de travail ?",
      "add workspace": "Ajouter un espace de travail",
      "or": "ou",
      "create a docker project": "Créer un projet docker",
      "refresh workspace": "Actualiser l'espace de travail",
      "no clusters added to the workspace yet, why not adding one?": "Aucun cluster n'a été ajouté à l'espace de travail pour le moment, pourquoi ne pas en ajouter un ?",
      "no docker projects created yet, why not adding one?": "Aucun projet docker n'a été créé pour le moment, pourquoi ne pas en ajouter un ?",
      "add cluster": "Ajouter un cluster",
      "create project": "Créer un projet",
      "refresh clusters": "Actualiser les clusters",
      "refresh projects": "Actualiser les projets",
      "workspace name": "Nom de l'espace de travail",
      "workspace color": "Couleur de l'espace de travail",
      "workspace path": "Chemin de l'espace de travail",
      "set default path": "Définir le chemin par défaut",
      "close": "Fermer",
      "basic": "Basique",
      "optional": "Optionnel",
      "authentication": "Authentification",
      "SSH tunnel": "Tunnel SSH",
      "SSL configuration": "Configuration SSL",
      "cluster name": "Nom du cluster",
      "example": "Exemple",
      "host name": "Nom de l'hôte",
      "port": "Port",
      "default": "Par défaut",
      "username": "Nom d'utilisateur",
      "password": "Mot de passe",
      "save authentication credentials locally": "Enregistrer localement les informations d'authentification",
      "host": "Hôte",
      "connection host name": "Nom de l'hôte de connexion",
      "private key file": "Fichier de clé privée",
      "destination address": "Adresse de destination",
      "destination port": "Port de destination",
      "connection port": "Port de connexion",
      "save SSH credentials locally": "Enregistrer localement les informations SSH",
      "certificate file": "Fichier de certificat",
      "user key file": "Fichier de clé utilisateur",
      "user certificate file": "Fichier de certificat utilisateur",
      "enable connection with SSL": "Activer la connexion avec SSL",
      "validate files": "Valider les fichiers",
      "switch editor": "Changer d'éditeur",
      "expand editor": "Agrandir l'éditeur",
      "test connection": "Test connexion",
      "create docker project": "Créer un projet docker",
      "project name": "Nom du projet",
      "version": "Version",
      "run the project once created": "Exécuter le projet une fois créé",
      "app settings": "Paramètres de l'application",
      "variables": "Variables",
      "security": "Sécurité",
      "languages": "Langues",
      "limitation": "Limitation",
      "refresh variables": "Actualiser les variables",
      "delete selected variables": "Supprimer les variables sélectionnées",
      "add variable": "Ajouter une variable",
      "no added variables, yet": "Aucune variable ajoutée pour le moment",
      "protect app content": "Protéger le contenu de l'application",
      "protect app content from being captured": "Protéger le contenu de l'application contre la capture",
      "display language": "Langue d'affichage",
      "language": "Langue",
      "allowed running instances": "instances en cours d’exécution autorisées",
      "CQLSH session": "Session CQLSH",
      "CQLSH sessions": "Sessions CQLSH",
      "maximum number": "Nombre maximum",
      "sandbox projects": "Projets sandbox",
      "save settings": "Enregistrer les paramètres",
      "load snapshot": "Charger une capture",
      "search": "Rechercher",
      "toggle snapshots selections": "Basculer la sélection des captures",
      "delete selected snapshots": "Supprimer les captures sélectionnées",
      "cancel": "Annuler",
      "confirm": "Confirmer",
      "credentials": "Informations d'authentification",
      "ignore credentials": "Ignorer les informations d'authentification",
      "proceed": "Continuer",
      "are you sure about closing all active work areas - including sandbox projects - ?": "êtes-vous sûr de fermer toutes les zones de travail actives - y compris les projets sandbox - ?",
      "close work area": "Fermer la zone de travail",
      "the work area of cluster [b]$data[/b] in workspace [b]$data[/b] has been successfully closed": "La zone de travail du cluster [b]$data[/b] dans l'espace de travail [b]$data[/b] a été fermée avec succès",
      "settings have been successfully saved": "Les paramètres ont été enregistrés avec succès",
      "some settings have been successfully saved, however, an error has occurred with variables, $data": "Certains paramètres ont été enregistrés avec succès, cependant, une erreur s'est produite avec les variables, $data",
      "ignore cluster credentials": "Ignorer les informations d'authentification du cluster",
      "something went wrong, failed to update the cluster [b]$data[/b]": "Quelque chose s'est mal passé, impossible de mettre à jour le cluster [b]$data[/b]",
      "cluster credentials": "Informations d'authentification du cluster",
      "please provide a valid authentication credentials": "Veuillez fournir des informations d'authentification valides",
      "please provide a valid ssh credentials": "Veuillez fournir des informations SSH valides",
      "save cluster credentials": "Enregistrer les informations d'authentification du cluster",
      "right now there are many questions to answer, give it another try after a while": "En ce moment, il y a de nombreuses questions à répondre, essayez à nouveau dans un instant",
      "connect": "Connecter",
      "cluster settings": "Paramètres du cluster",
      "delete cluster": "Supprimer le cluster",
      "start": "Démarrer",
      "delete docker project": "Supprimer le projet docker",
      "test connection with cluster": "Tester la connexion avec le cluster",
      "this cluster [b]$data[/b] has an active work area, make sure to close its work area before attempting to test connection with it": "Ce cluster [b]$data[/b] a une zone de travail active, assurez-vous de fermer sa zone de travail avant de tenter de tester la connexion avec lui",
      "the maximum number of clusters which allowed to be connected to simultaneously is [b]$data[/b]": "Le nombre maximum de clusters autorisés à être connectés simultanément est de [b]$data[/b]",
      "this limitation can be changed from the app's settings in the limitation section": "Cette limitation peut être modifiée depuis les paramètres de l'application dans la section de limitation",
      "query tracing": "Tracer la requête",
      "failed to get the query tracing result for the session [b]$data[/b]": "Échec de l'obtention du résultat de traçage de la requête pour la session [b]$data[/b]",
      "connect with cluster": "Se connecter au cluster",
      "analyzing status": "Analyse du statut",
      "open AxonOps in browser": "Ouvrir AxonOps dans le navigateur",
      "copy metadata": "Copier les métadonnées",
      "refresh metadata": "Actualiser les métadonnées",
      "visualized metadata": "Métadonnées visualisées",
      "cluster diff": "Différence de cluster",
      "restart the work area": "Redémarrer la zone de travail",
      "close the work area": "Fermer la zone de travail",
      "refresh the view": "Actualiser la vue",
      "take screenshot": "Prendre une capture d'écran",
      "destroy the view": "Détruire la vue",
      "visualize metadata": "Visualiser les métadonnées",
      "search by session ID or part of the query": "Rechercher par ID de session ou partie de la requête",
      "no query has been traced yet": "Aucune requête n'a encore été tracée",
      "old": "Ancien",
      "changes": "Modifications",
      "save a snapshot": "Enregistrer une capture",
      "load a snapshot": "Charger une capture",
      "open the snapshots folder": "Ouvrir le dossier des captures",
      "new": "Nouveau",
      "snapshot suffix": "Suffixe de la capture",
      "save snapshot": "Enregistrer la capture",
      "activity": "Activité",
      "source": "Source",
      "source port": "Port source",
      "source elapsed": "Temps écoulé de la source",
      "thread": "Thread",
      "metadata for the cluster [b]$data[/b] has been copied to the clipboard, the size is $data": "Les métadonnées du cluster [b]$data[/b] ont été copiées dans le presse-papiers, la taille est de $data",
      "show differentiation": "Afficher la différenciation",
      "there is no difference between the old and new metadata": "Il n'y a aucune différence entre les anciennes et les nouvelles métadonnées",
      "failed to save snapshot, please make sure the app has write permissions and try again": "Échec de l'enregistrement de la capture, assurez-vous que l'application dispose des autorisations d'écriture et réessayez",
      "the snapshot has been successfully saved with name [b]$data[/b]": "La capture a été enregistrée avec succès sous le nom [b]$data[/b]",
      "there are no saved snapshots for the cluster [b]$data[/b], attempt first to save one": "Il n'y a aucune capture enregistrée pour le cluster [b]$data[/b], essayez d'en enregistrer une d'abord",
      "the snapshot [b]$data[/b] has been successfully loaded": "La capture [b]$data[/b] a été chargée avec succès",
      "failed to load the snapshot [b]$data[/b], make sure the file exists and it is a valid [code]JSON[/code]": "Échec du chargement de la capture [b]$data[/b], assurez-vous que le fichier existe et qu'il s'agit d'un [code]JSON[/code] valide",
      "delete snapshot": "Supprimer la capture",
      "failed to delete the snapshot [b]$data[/b], it may be already deleted or there is no permission granted to delete it": "Échec de la suppression de la capture [b]$data[/b], elle a peut-être déjà été supprimée ou il n'y a pas d'autorisation pour la supprimer",
      "the snapshot [b]$data[/b] has been successfully deleted": "La capture [b]$data[/b] a été supprimée avec succès",
      "do you want to delete the snapshot [b]$data[/b]? once you confirm, there is no undo": "Voulez-vous supprimer la capture [b]$data[/b]? Une fois confirmé, il n'y a pas de retour en arrière",
      "stop docker containers": "Arrêter les conteneurs docker",
      "containers of the docker project [b]$data[/b] were not successfully stopped": "Les conteneurs du projet docker dans le dossier [b]$data[/b] n'ont pas été arrêtés avec succès",
      "containers of the docker project [b]$data[/b] have been successfully stopped": "Les conteneurs du projet docker dans le dossier [b]$data[/b] ont été arrêtés avec succès",
      "close docker project work area": "Fermer la zone de travail du projet docker",
      "the work area of the docker project [b]$data[/b] has been successfully closed, attempting to stop the docker containers": "La zone de travail du projet docker dans le dossier [b]$data[/b] a été fermée avec succès, tentative d'arrêt des conteneurs docker",
      "start docker project": "Démarrer le projet docker",
      "the maximum number of sandbox projects which allowed to be started simultaneously is [b]$data[/b]": "Le nombre maximum de projets sandbox autorisés à être démarrés simultanément est de [b]$data[/b]",
      "docker is seems to be downloading necessary images and related files, this is a once time process and might take up to 10 minutes depending on the internet connection": "docker semble télécharger les images nécessaires et les fichiers associés, c'est un processus ponctuel et cela peut prendre jusqu'à 10 minutes en fonction de la connexion Internet",
      "something went wrong, it seems the docker project [b]$data[/b] didn't run as expected": "Quelque chose s'est mal passé, il semble que le projet docker dans le dossier [b]$data[/b] ne s'est pas exécuté comme prévu",
      "docker project [b]$data[/b] has been successfully started, waiting for Apache Cassandra ™ to be up, you'll be automatically navigated to the project work area once it's up": "Le projet docker dans le dossier [b]$data[/b] a été démarré avec succès, en attente d'Apache Cassandra ™ pour être opérationnel, vous serez automatiquement redirigé vers la zone de travail du projet une fois qu'il sera opérationnel",
      "something went wrong, it seems the Apache Cassandra ™ nodes of the docker project [b]$data[/b] didn't start as expected, automatic stop of the docker project will be started in seconds": "Quelque chose s'est mal passé, il semble que les nœuds Apache Cassandra ™ du projet docker dans le dossier [b]$data[/b] ne se sont pas démarrés comme prévu, l'arrêt automatique du projet docker sera lancé dans quelques secondes",
      "stop docker project": "Arrêter le projet docker",
      "something went wrong, failed to stop the docker project [b]$data[/b], please consider to do it manually by stopping the project [b]cassandra_$data[/b]": "Quelque chose s'est mal passé, l'arrêt du projet docker dans le dossier [b]$data[/b] a échoué, veuillez envisager de le faire manuellement en arrêtant le projet [b]cassandra_$data[/b]",
      "the docker project [b]$data[/b] has been successfully stopped": "Le projet docker dans le dossier [b]$data[/b] a été arrêté avec succès",
      "apache Cassandra ™ nodes of the docker project [b]$data[/b] has been successfully started and ready to be connected with, work area will be created and navigated to in seconds": "Les nœuds Apache Cassandra ™ du projet docker dans le dossier [b]$data[/b] ont été démarrés avec succès et sont prêts à être connectés. Une zone de travail sera créée et vous y serez dirigé dans quelques secondes",
      "edit cluster": "Modifier le cluster",
      "this cluster [b]$data[/b] has an active work area, make sure to close its work area before attempting to edit it": "Ce cluster [b]$data[/b] a une zone de travail active. Assurez-vous de fermer sa zone de travail avant de tenter de le modifier",
      "unable to locate cluster [b]$data[/b] workspace folder": "Impossible de localiser le dossier de la zone de travail du cluster [b]$data[/b]",
      "an error has occurred with secret keys, please check the app permissions and make sure the keychain feature is available on your system": "Une erreur s'est produite avec les clés secrètes, veuillez vérifier les autorisations de l'application et assurez-vous que la fonctionnalité du trousseau est disponible sur votre système",
      "secret keys": "Clés secrètes",
      "do you want to entirely delete the cluster [b]$data[/b] in the workspace [b]$data[/b]?": "Voulez-vous supprimer complètement le cluster [b]$data[/b] dans l'espace de travail [b]$data[/b] ?",
      "do you want to entirely delete the docker project [b]$data[/b]?": "Voulez-vous supprimer complètement le projet docker [b]$data[/b] ?",
      "there's an active work area for the docker project [b]$data[/b], please consider to close it before attempting to delete the project again": "Il y a une zone de travail active pour le projet docker dans le dossier [b]$data[/b]. Veuillez envisager de la fermer avant de tenter de supprimer à nouveau le projet",
      "something went wrong, failed to delete the docker project [b]$data[/b]": "Quelque chose s'est mal passé. Échec de la suppression du projet docker dans le dossier [b]$data[/b]",
      "the docker project [b]$data[/b] has been successfully deleted": "Le projet docker dans le dossier [b]$data[/b] a été supprimé avec succès",
      "failed to delete cluster [b]$data[/b] in workspace [b]$data[/b], please check that it's exists, and the app has permission to access the workspace folder": "Impossible de supprimer le cluster [b]$data[/b] dans l'espace de travail [b]$data[/b]. Veuillez vérifier son existence et que l'application a l'autorisation d'accéder au dossier de l'espace de travail",
      "cluster [b]$data[/b] in workspace [b]$data[/b] has been successfully deleted": "Le cluster [b]$data[/b] dans l'espace de travail [b]$data[/b] a été supprimé avec succès",
      "test connection with cluster": "Tester la connexion avec le cluster",
      "something went wrong while attempt to test connection with cluster [b]$data[/b] in workspace [b]$data[/b], mostly it is an issue with <code>cqlsh.rc</code> file": "Quelque chose s'est mal passé lors de la tentative de test de connexion avec le cluster [b]$data[/b] dans l'espace de travail [b]$data[/b], il s'agit principalement d'un problème avec le fichier <code>cqlsh.rc</code>",
      "content for this connection contains a sensitive data (username, password and alike), please consider to remove them before attempting to connect again": "Le contenu de cette connexion contient des données sensibles (nom d'utilisateur, mot de passe, etc.). Veuillez envisager de les supprimer avant de tenter de vous connecter à nouveau",
      "unsupported version": "Version non prise en charge",
      "the detected version of Apache Cassandra ™ is [b]$data[/b], unwanted behavior and compatibility issues may be encountered": "La version détectée d'Apache Cassandra ™ est [b]$data[/b]. Des comportements indésirables et des problèmes de compatibilité peuvent survenir",
      "failed to connect with cluster [b]$data[/b] in workspace [b]$data[/b]": "Échec de la connexion au cluster [b]$data[/b] dans l'espace de travail [b]$data[/b]",
      "script \"$data\" didn't return the success code <code>0</code>, but": "Le script \"$data\" n'a pas renvoyé le code de réussite <code>0</code>, mais",
      "script \"$data\" seems not to exist, please check its path and make sure it has no errors": "Le script \"$data\" semble ne pas exister, veuillez vérifier son chemin et assurez-vous qu'il ne contient pas d'erreurs",
      "test connection with cluster [b]$data[/b] in workspace [b]$data[/b] has finished with success, you can now connect with it and start a session": "Le test de connexion avec le cluster [b]$data[/b] dans l'espace de travail [b]$data[/b] s'est terminé avec succès. Vous pouvez maintenant vous connecter et démarrer une session",
      "SSH client has to be installed and accessible to establish an SSH tunnel, please make sure to install it on your machine": "Un client SSH doit être installé et accessible pour établir un tunnel SSH. Assurez-vous de l'installer sur votre machine",
      "SSH tunnel can't be established without passing at least a username, please check the given info before attempting to connect again": "Un tunnel SSH ne peut pas être établi sans passer au moins un nom d'utilisateur. Veuillez vérifier les informations fournies avant de tenter de vous reconnecter",
      "failed to establish an SSH tunnel for cluster [b]$data[/b]": "Impossible d'établir un tunnel SSH pour le cluster [b]$data[/b]",
      "analyzing status": "Analyse du statut",
      "SSL is enabled": "SSL est activé",
      "SSL is not enabled": "SSL n'est pas activé",
      "to test the connection, the host name is the only required field to be filled out": "Pour tester la connexion, le nom d'hôte est le seul champ obligatoire à remplir",
      "error details": "Détails de l'erreur",
      "failed to connect with the cluster": "Échec de la connexion au cluster",
      "successfully connected with the cluster": "Connexion réussie avec le cluster",
      "you may now save it": "Vous pouvez maintenant l'enregistrer",
      "you can now complete the update": "Vous pouvez maintenant terminer la mise à jour",
      "failed to complete the test process, please check the app's read/write permissions": "Échec de la finalisation du processus de test. Veuillez vérifier les autorisations de lecture/écriture de l'application",
      "failed to establish an SSH tunnel for the cluster": "Impossible d'établir un tunnel SSH pour le cluster",
      "to save a cluster, a unique valid name is required to be filled out": "Pour enregistrer un cluster, un nom unique et valide doit être renseigné",
      "a cluster is already exists with the given name [b]$data[/b] in workspace [b]$data[/b], please provide a unique valid name": "Un cluster portant déjà le nom donné [b]$data[/b] existe dans l'espace de travail [b]$data[/b]. Veuillez fournir un nom unique et valide",
      "failed to update the cluster": "Échec de la mise à jour du cluster",
      "failed to save the new cluster": "Échec de l'enregistrement du nouveau cluster",
      "the cluster has been updated successfully": "Le cluster a été mis à jour avec succès",
      "the new cluster has been saved successfully": "Le nouveau cluster a été enregistré avec succès",
      "select workspace folder path": "Sélectionner le chemin du dossier de l'espace de travail",
      "do you want to delete the selected snapshots? once you confirm, there is no undo": "Souhaitez-vous supprimer les instantanés sélectionnés ? Une fois confirmé, l'opération est irréversible",
      "sandbox feature requires [code]docker[/code] and its [code]docker-compose[/code] tool to be installed, please make sure it's installed and accessible before attempting to create a docker project": "La fonctionnalité de bac à sable nécessite l'installation de [code]docker[/code] et de son outil [code]docker-compose[/code]. Assurez-vous qu'ils sont installés et accessibles avant de tenter de créer un projet docker",
      "something went wrong, failed to save the docker project": "Quelque chose s'est mal passé. Échec de l'enregistrement du projet docker",
      "the project with Apache Cassandra ™ v$data has been successfully created and saved": "Le projet avec Apache Cassandra ™ v$data a été créé et enregistré avec succès",
      "refresh variables": "Actualiser les variables",
      "variables have been refreshed": "Les variables ont été actualisées",
      "variable or more are not having invalid name or value, make sure unique names and values are provided for each variable": "Une ou plusieurs variables ont des noms ou des valeurs invalides. Assurez-vous de fournir des noms et des valeurs uniques pour chaque variable",
      "a collision has been detected in variable $data. Please consider changing their values to prevent that collision": "Une collision a été détectée dans la variable $data. Veuillez envisager de changer leurs valeurs pour éviter cette collision",
      "change their values": "Changez leurs valeurs",
      "adjust the variable scope": "Ajustez la portée de la variable",
      "open the workspace folder": "Ouvrez le dossier de l'espace de travail",
      "open the docker project folder": "ouvrez le dossier du projet docker",
      "open the cluster folder": "ouvrez le dossier du cluster",
      "workspace settings": "Paramètres de l'espace de travail",
      "delete workspace": "Supprimer l'espace de travail",
      "add project": "Ajouter un projet",
      "sandbox feature requires docker": "La fonctionnalité de bac à sable nécessite docker",
      "starting or stopping a sandbox project may prompt an authentication request due to its reliance on [code]docker[/code] and [code]docker-compose[/code]": "Le démarrage ou l'arrêt d'un projet bac à sable peut générer une demande d'authentification en raison de sa dépendance à [code]docker[/code] et [code]docker-compose[/code]",
      "edit workspace": "Modifier l'espace de travail",
      "update workspace": "Mettre à jour l'espace de travail",
      "do you want to entirely delete the workspace [b]$data[/b]? once you confirm, there is no undo": "Voulez-vous supprimer entièrement l'espace de travail [b]$data[/b] ? Une fois confirmé, cette action est irréversible",
      "to delete a workspace, it must be empty and not contain any clusters. Make sure to delete all clusters inside the workspace [b]$data[/b] before attempting to delete it again": "Pour supprimer un espace de travail, il doit être vide et ne pas contenir de clusters. Assurez-vous de supprimer tous les clusters à l'intérieur de l'espace de travail [b]$data[/b] avant de tenter de le supprimer à nouveau",
      "something went wrong, failed to delete workspace [b]$data[/b]": "Une erreur s'est produite. Échec de la suppression de l'espace de travail [b]$data[/b]",
      "workspace [b]$data[/b] has been successfully deleted": "L'espace de travail [b]$data[/b] a été supprimé avec succès",
      "the selected path is inaccessible and can't be used. Please make sure you have read/write permissions": "Le chemin sélectionné est inaccessible et ne peut pas être utilisé. Veuillez vous assurer d'avoir les autorisations de lecture/écriture",
      "please provide a valid and unique name for the workspace": "Veuillez fournir un nom valide et unique pour l'espace de travail",
      "one cluster or more in the workspace [b]$data[/b] have an active work area. Please make sure to close the work area before attempting to edit the workspace again": "Un ou plusieurs clusters dans l'espace de travail [b]$data[/b] ont une zone de travail active. Veuillez vous assurer de fermer la zone de travail avant de tenter de modifier l'espace de travail à nouveau",
      "something went wrong, failed to update workspace [b]$data[/b]": "Une erreur s'est produite. Échec de la mise à jour de l'espace de travail [b]$data[/b]",
      "the workspace [b]$data[/b] has been successfully added": "L'espace de travail [b]$data[/b] a été ajouté avec succès",
      "something went wrong, failed to add workspace [b]$data[/b]": "Une erreur s'est produite. Échec de l'ajout de l'espace de travail [b]$data[/b]",
      "to add a new workspace, a unique name must be provided. Please choose another name for the workspace instead of [b]$data[/b]": "pour ajouter un nouvel espace de travail, un nom unique doit être fourni. Veuillez choisir un autre nom pour l'espace de travail au lieu de [b]$data[/b]",
      "variable name": "Nom de la variable",
      "variable value": "Valeur de la variable",
      "view": "Afficher",
      "enter": "Entrer",
      "cassandra credentials": "Identifiants Cassandra",
      "it can be enabled by running": "Il peut être activé en exécutant",
      "update cluster": "Mettre à jour le cluster",
      "cluster": "Cluster",
      "cassandra nodes": "Nœuds Cassandra",
      "$data-connection scripts execution": "Exécution des scripts de connexion $data",
      "pre": "Pré",
      "post": "Post",
      "post-connection scripts are being executed after closing the connection with cluster [b]$data[/b]. You'll be notified once the process is finished": "Les scripts post-connexion sont en cours d'exécution après la fermeture de la connexion avec le cluster [b]$data[/b]. Vous serez notifié une fois le processus terminé",
      "all $data-connection scripts with cluster [b]$data[/b] have been successfully executed": "Tous les scripts de connexion $data avec le cluster [b]$data[/b] ont été exécutés avec succès",
      "pre-connection scripts are being executed before starting the connection with cluster [b]$data[/b]. You'll be notified once the process is finished": "Les scripts de pré-connexion sont en cours d'exécution avant de commencer la connexion avec le cluster [b]$data[/b]. Vous serez notifié une fois le processus terminé",
      "an error has occurred while executing $data-connection scripts with cluster [b]$data[/b]": "Une erreur s'est produite lors de l'exécution des scripts de connexion $data avec le cluster [b]$data[/b]",
      "post-connection scripts are being executed after closing the connection with the cluster. You'll be notified once the process is finished": "Les scripts post-connexion sont en cours d'exécution après la fermeture de la connexion avec le cluster. Vous serez notifié une fois le processus terminé",
      "all $data-connection scripts with the cluster have been successfully executed": "Tous les scripts de connexion $data avec le cluster ont été exécutés avec succès",
      "an error has occurred while executing $data-connection scripts with the cluster": "Une erreur s'est produite lors de l'exécution des scripts de connexion $data avec le cluster",
      "pre-connection scripts are being executed before starting the connection with the cluster. You'll be notified once the process is finished": "Les scripts de pré-connexion sont en cours d'exécution avant de commencer la connexion avec le cluster. Vous serez notifié une fois le processus terminé",
      "bash session": "bash session",
      "press [kbd]SHIFT[/kbd] [kbd]ENTER[/kbd] to ask": "pressez [kbd]SHIFT[/kbd] [kbd]ENTER[/kbd] pour demander",
      "minute": "minute",
      "minutes": "minutes",
      "a minute ago": "il y a une minute",
      "in a minute": "dans une minute",
      "hour": "heure",
      "hours": "heures",
      "an hour ago": "il y a une heure",
      "in an hour": "dans une heure",
      "day": "jour",
      "days": "jours",
      "yesterday": "hier",
      "tomorrow": "demain",
      "week": "semaine",
      "weeks": "semaines",
      "last week": "la semaine dernière",
      "in a week": "dans une semaine",
      "month": "mois",
      "months": "mois",
      "last month": "le mois dernier",
      "in a month": "dans un mois",
      "in": "dans",
      "ago": "il y a",
      "just now": "à l'instant",
      "year": "an",
      "last year": "l'année dernière",
      "in a year": "dans un an",
      "there are no notifications to check": "il n'y a aucune notification à vérifier",
      "passphrase": "phrase secrète",
      "clear": "claire",
      "deleting a question will also delete its answer, are you sure?": "supprimer une question supprimera également sa réponse, en es-tu sûr ?",
      "delete question": "supprimer la question",
      "something went wrong, failed to delete the question": "quelque chose s'est mal passé, je n'ai pas réussi à supprimer la question",
      "the question has been successfully deleted": "la question a été supprimée avec succès",
      "instances in loading processes": "instances dans les processus de chargement",
      "logging": "enregistrement",
      "logging system": "système de journalisation",
      "log info, actions, processes and related": "enregistrer les informations, les actions, les processus et les informations associées",
      "this update needs an app restart": "cette mise à jour nécessite un redémarrage de l'application",
      "sandbox feature requires the current user to be in the [code]docker[/code] group in [b]Linux[/b], please make sure this requirement is met then try again": "La fonctionnalité sandbox nécessite que l'utilisateur actuel soit dans le groupe [code]docker[/code] dans [b]Linux[/b], veuillez vous assurer que cette condition est remplie, puis réessayez",
      "the work area of docker project [b]$data[/b] is being terminated": "la zone de travail du projet docker [b]$data[/b] est en cours de fermeture",
      "CQL description": "description du CQL",
      "search for CQL description": "rechercher la description CQL",
      "right click on the cluster, keyspace or table and get its CQL description": "faites un clic droit sur le cluster, l'espace de clés ou la table et obtenez sa description CQL",
      "get CQL description": "obtenir la description CQL"
    }
  }
}
