{
  "title": "Hebrew - עִברִית",
  "rtl": "true",
  "iw": {
    "translation": {
      "workspaces home": "בית תחומי עבודה",
      "ai assistant": "עוזר חכם למידת מכונה",
      "help and documentation": "עזרה ותיעוד",
      "settings": "הגדרות",
      "actions": "פעולות",
      "close all active work areas": "סגור את כל אזורי העבודה הפעילים",
      "restart": "אתחל",
      "quit": "צא",
      "zoom in": "הגדל",
      "zoom out": "הקטן",
      "zoom reset": "אפס הגדלה",
      "toggle fullscreen": "מסך מלא",
      "question": "שאלה",
      "AI assistant is being initialized": "עוזר חכם למידת מכונה בתהליך האתחול",
      "it's so empty here, why not adding a workspace?": "כל כך ריק פה, למה לא להוסיף איזור עבודה?",
      "add workspace": "הוסף איזור עבודה",
      "or": "או",
      "create a docker project": "צור פרויקט docker",
      "refresh workspace": "רענן את איזור העבודה",
      "no clusters added to the workspace yet, why not adding one?": "עדיין לא הוספו מקבוצות לאיזור העבודה, למה לא להוסיף אחת?",
      "no docker projects created yet, why not adding one?": "עדיין לא נוצרו פרויקטי docker, למה לא להוסיף אחד?",
      "add cluster": "הוסף מקבוצה",
      "create project": "צור פרויקט",
      "refresh clusters": "רענן את המקבוצות",
      "refresh projects": "רענן את הפרויקטים",
      "workspace name": "שם האיזור עבודה",
      "workspace color": "צבע האיזור עבודה",
      "workspace path": "נתיב האיזור עבודה",
      "set default path": "הגדר נתיב ברירת המחדל",
      "close": "סגור",
      "basic": "בסיסי",
      "optional": "אופציונלי",
      "authentication": "אימות",
      "SSH tunnel": "מנהרת SSH",
      "SSL configuration": "תצורת SSL",
      "cluster name": "שם המקבוצה",
      "example": "דוגמה",
      "host name": "שם המארח",
      "port": "יציאה",
      "default": "ברירת המחדל",
      "username": "שם משתמש",
      "password": "סיסמה",
      "save authentication credentials locally": "שמור את פרטי האימות באופן מקומי",
      "host": "מארח",
      "connection host name": "שם המארח לחיבור",
      "private key file": "קובץ מפתח פרטי",
      "destination address": "כתובת יעד",
      "destination port": "יציאת יעד",
      "connection port": "יציאת החיבור",
      "save SSH credentials locally": "שמור פרטי SSH מקומית",
      "certificate file": "קובץ אישור",
      "user key file": "קובץ מפתח משתמש",
      "user certificate file": "קובץ אישור משתמש",
      "enable connection with SSL": "אפשר חיבור עם SSL",
      "validate files": "אמת קבצים",
      "switch editor": "החלף עורך",
      "expand editor": "הרחב עורך",
      "test connection": "בדוק את החיבור",
      "create docker project": "צור פרויקט docker",
      "project name": "שם הפרויקט",
      "version": "גרסה",
      "run the project once created": "הרץ את הפרויקט לאחר יצירתו",
      "app settings": "הגדרות היישום",
      "variables": "משתנים",
      "security": "אבטחה",
      "languages": "שפות",
      "limitation": "הגבלה",
      "refresh variables": "רענן משתנים",
      "delete selected variables": "מחק משתנים נבחרים",
      "add variable": "הוסף משתנה",
      "no added variables, yet": "טרם הוספו משתנים",
      "protect app content": "הגן על תוכן היישום",
      "protect app content from being captured": "הגן על תוכן היישום מהתפסת",
      "display language": "שפת הצגה",
      "language": "שפה",
      "allowed running instances": "מופעים פועלים מותרים",
      "CQLSH session": "מושב CQLSH",
      "CQLSH sessions": "מושבי CQLSH",
      "maximum number": "מספר מרבי",
      "sandbox projects": "פרויקטי סנדבוקס",
      "save settings": "שמור הגדרות",
      "load snapshot": "טען תצלום",
      "search": "חפש",
      "toggle snapshots selections": "שנה בחירות תצלומים",
      "delete selected snapshots": "מחק תצלומים נבחרים",
      "cancel": "ביטול",
      "confirm": "אישור",
      "credentials": "פרטי התחברות",
      "ignore credentials": "התעלם מפרטי התחברות",
      "proceed": "המשך",
      "are you sure about closing all active work areas - including sandbox projects - ?": "האם אתה בטוח לגבי סגירת כל אזורי העבודה הפעילים - כולל פרויקטים של ארגז חול - ?",
      "close work area": "סגור אזור עבודה",
      "the work area of cluster [b]$data[/b] in workspace [b]$data[/b] has been successfully closed": "אזור העבודה של האשכול [b]$data[/b] באיזור העבודה [b]$data[/b] נסגר בהצלחה",
      "settings have been successfully saved": "הגדרות נשמרו בהצלחה",
      "some settings have been successfully saved, however, an error has occurred with variables, $data": "הגדרות מסוימות נשמרו בהצלחה, אך אירעה שגיאה עם המשתנים, $data",
      "ignore cluster credentials": "התעלם מפרטי התחברות של האשכול",
      "something went wrong, failed to update the cluster [b]$data[/b]": "משהו השתבש, כשל בעדכון האשכול [b]$data[/b]",
      "cluster credentials": "פרטי התחברות של האשכול",
      "please provide valid authentication credentials": "נא לספק פרטי התחברות תקפים",
      "please provide valid SSH credentials": "נא לספק פרטי SSH תקפים",
      "save cluster credentials": "שמור פרטי התחברות של האשכול",
      "right now there are many questions to answer, give it another try after a while": "כרגע ישנם הרבה שאלות לענות עליהן, נסה שוב מאוחר יותר",
      "connect": "התחבר",
      "cluster settings": "הגדרות האשכול",
      "delete cluster": "מחק אשכול",
      "start": "התחל",
      "delete docker project": "מחק פרויקט docker",
      "test connection with cluster": "בדוק את החיבור עם האשכול",
      "this cluster [b]$data[/b] has an active work area, make sure to close its work area before attempting to test connection with it": "לאשכול [b]$data[/b] יש אזור עבודה פעיל, ודא שאתה מסגר את אזור העבודה שלו לפני שתנסה לבדוק את החיבור אליו",
      "the maximum number of clusters which allowed to be connected to simultaneously is [b]$data[/b]": "המספר המרבי של אשכולות שניתן להתחבר אליהם בו-זמנית הוא [b]$data[/b]",
      "this limitation can be changed from the app's settings in the limitation section": "אפשר לשנות את ההגבלה הזו מהגדרות היישום בקטע ההגבלות",
      "query tracing": "מעקב אחר שאילתות",
      "failed to get the query tracing result for the session [b]$data[/b]": "נכשל בקבלת תוצאות מעקב השאילתות עבור הסשן [b]$data[/b]",
      "connect with cluster": "התחבר עם האשכול",
      "analyzing status": "ניתוח מצב",
      "open AxonOps in browser": "פתח את AxonOps בדפדפן",
      "copy metadata": "העתק מטא-נתונים",
      "refresh metadata": "רענן מטא-נתונים",
      "visualized metadata": "מטא-נתונים מודלים",
      "cluster diff": "הבחנת אשכול",
      "restart the work area": "הפעל אזור העבודה מחדש",
      "close the work area": "סגור אזור העבודה",
      "refresh the view": "רענן את התצוגה",
      "take screenshot": "צלם מסך",
      "destroy the view": "השמד את התצוגה",
      "visualize metadata": "הצג מטא-נתונים",
      "search by session ID or part of the query": "חפש לפי מזהה סשן או חלק מהשאילתה",
      "no query has been traced yet": "עדיין לא נעשה מעקב אחר שאילתות",
      "old": "ישן",
      "changes": "שינויים",
      "save a snapshot": "שמור צילום",
      "load a snapshot": "טען צילום",
      "open the snapshots folder": "פתח את תיקיית הצילומים",
      "new": "חדש",
      "snapshot suffix": "סיומת הצילום",
      "save snapshot": "שמור צילום",
      "activity": "פעילות",
      "source": "מקור",
      "source port": "פורט מקור",
      "source elapsed": "זמן שחלף מהמקור",
      "thread": "תהליך",
      "metadata for the cluster [b]$data[/b] has been copied to the clipboard, the size is $data": "הנתונים המטא של האשכול [b]$data[/b] הועתקו ללוח האפליקציה, גודלם הוא $data",
      "show differentiation": "הצג הבחנה",
      "there is no difference between the old and new metadata": "אין הבחנה בין הנתונים המטא הישנים והחדשים",
      "failed to save snapshot, please make sure the app has write permissions and try again": "נכשל בשמירת הצילום, אנא בדוק שהאפליקציה מורשה לכתוב ונסה שוב",
      "the snapshot has been successfully saved with name [b]$data[/b]": "הצילום נשמר בהצלחה תחת השם [b]$data[/b]",
      "there are no saved snapshots for the cluster [b]$data[/b], attempt first to save one": "אין צילומים שמורים עבור האשכול [b]$data[/b], יש לנסות לשמור צילום תחילה",
      "the snapshot [b]$data[/b] has been successfully loaded": "הצילום [b]$data[/b] נטען בהצלחה",
      "failed to load the snapshot [b]$data[/b], make sure the file exists and it is a valid [code]JSON[/code]": "נכשל בטעינת הצילום [b]$data[/b], נא לוודא שהקובץ קיים ומכיל [code]JSON[/code] חוקי",
      "delete snapshot": "מחק צילום",
      "failed to delete the snapshot [b]$data[/b], it may be already deleted or there is no permission granted to delete it": "נכשל במחיקת הצילום [b]$data[/b], יתכן שכבר נמחק או שאין הרשאה למחיקתו",
      "the snapshot [b]$data[/b] has been successfully deleted": "הצילום [b]$data[/b] נמחק בהצלחה",
      "do you want to delete the snapshot [b]$data[/b]? once you confirm, there is no undo": "האם ברצונך למחוק את הצילום [b]$data[/b]? לא ניתן לשחזר לאחר המחיקה",
      "stop docker containers": "עצור מיכלי docker",
      "containers of the docker project [b]$data[/b] were not successfully stopped": "המיכלים של פרויקט docker בתיקייה [b]$data[/b] לא הופסקו בהצלחה",
      "containers of the docker project [b]$data[/b] have been successfully stopped": "המיכלים של פרויקט docker בתיקייה [b]$data[/b] הופסקו בהצלחה",
      "close docker project work area": "סגור אזור עבודת פרויקט docker",
      "the work area of the docker project [b]$data[/b] has been successfully closed, attempting to stop the docker containers": "אזור העבודה של פרויקט docker בתיקייה [b]$data[/b] נסגר בהצלחה, מנסה לעצור את מיכלי docker",
      "start docker project": "התחל פרויקט docker",
      "the maximum number of sandbox projects which allowed to be started simultaneously is [b]$data[/b]": "המספר המרבי של פרויקטי ה-Sandbox שניתן להפעיל בו זמנית הוא [b]$data[/b]",
      "docker is seems to be downloading necessary images and related files, this is a once time process and might take up to 10 minutes depending on the internet connection": "נראה כי docker מוריד תמונות דרושות וקבצים קשורים, זהו תהליך חד פעמי שעשוי לקחת עד 10 דקות, הזמן תלוי בחיבור האינטרנט",
      "something went wrong, it seems the docker project [b]$data[/b] didn't run as expected": "משהו השתבש, נראה כי פרויקט docker בתיקייה [b]$data[/b] לא הופעל כפי שצפוי",
      "docker project [b]$data[/b] has been successfully started, waiting for Apache Cassandra ™ to be up, you'll be automatically navigated to the project work area once it's up": "פרויקט docker בתיקייה [b]$data[/b] הופעל בהצלחה, ממתין ש-Apache Cassandra ™ יתחיל, תופנה באופן אוטומטי לאזור העבודה של הפרויקט כשיהיה מוכן",
      "something went wrong, it seems the Apache Cassandra ™ nodes of the docker project [b]$data[/b] didn't start as expected, automatic stop of the docker project will be started in seconds": "משהו השתבש, נראה כי הצמתים של Apache Cassandra ™ בפרויקט docker בתיקייה [b]$data[/b] לא התחילו כפי שצפוי, פעולת העצירה האוטומטית של הפרויקט תתחיל בשניות",
      "stop docker project": "עצור את פרויקט docker",
      "something went wrong, failed to stop the docker project [b]$data[/b], please consider to do it manually by stopping the project [b]cassandra_$data[/b]": "משהו השתבש, נכשל בעצירת הפרויקט docker בתיקייה [b]$data[/b], נא לשקול לעצור אותו ידנית על ידי עצירת הפרויקט [b]cassandra_$data[/b]",
      "the docker project [b]$data[/b] has been successfully stopped": "הפרויקט docker בתיקייה [b]$data[/b] עוצר בהצלחה",
      "apache Cassandra ™ nodes of the docker project [b]$data[/b] has been successfully started and ready to be connected with, work area will be created and navigated to in seconds": "הצמתים של Apache Cassandra ™ בפרויקט docker בתיקייה [b]$data[/b] התחילו בהצלחה ומוכנים להתחבר, אזור העבודה ייווצר ותופנה אליו בשניות",
      "edit cluster": "ערוך את האשכול",
      "this cluster [b]$data[/b] has an active work area, make sure to close its work area before attempting to edit it": "לאשכול [b]$data[/b] יש אזור עבודה פעיל, נא לוודא שאתה סוגר את אזור העבודה שלו לפני שתנסה לערוך אותו",
      "unable to locate cluster [b]$data[/b] workspace folder": "לא ניתן לאתר את תיקיית אזור העבודה של האשכול [b]$data[/b]",
      "an error has occurred with secret keys, please check the app permissions and make sure the keychain feature is available on your system": "אירעה שגיאה במפתחות הסודיים, נא לבדוק את הרשאות האפליקציה ולוודא שתכונת מחזיק המפתחות זמינה במערכת שלך",
      "secret keys": "מפתחות סודיים",
      "do you want to entirely delete the cluster [b]$data[/b] in the workspace [b]$data[/b]?": "האם ברצונך למחוק באופן מוחלט את האשכול [b]$data[/b] באזור העבודה [b]$data[/b]?",
      "do you want to entirely delete the docker project [b]$data[/b]?": "האם ברצונך למחוק באופן מוחלט את הפרויקט docker [b]$data[/b]?",
      "there's an active work area for the docker project [b]$data[/b], please consider to close it before attempting to delete the project again": "ישנו אזור עבודה פעיל עבור פרויקט docker בתיקייה [b]$data[/b], נא לשקול לסגור אותו לפני שתנסה למחוק את הפרויקט מחדש",
      "something went wrong, failed to delete the docker project [b]$data[/b]": "משהו השתבש, נכשל במחיקת הפרויקט docker בתיקייה [b]$data[/b]",
      "the docker project [b]$data[/b] has been successfully deleted": "הפרויקט docker בתיקייה [b]$data[/b] נמחק בהצלחה",
      "failed to delete cluster [b]$data[/b] in workspace [b]$data[/b], please check that it's exists, and the app has permission to access the workspace folder": "נכשל במחיקת האשכול [b]$data[/b] באזור העבודה [b]$data[/b], נא לוודא שהוא קיים ושהאפליקציה מורשה לגשת לתיקיית אזור העבודה",
      "cluster [b]$data[/b] in workspace [b]$data[/b] has been successfully deleted": "האשכול [b]$data[/b] באזור העבודה [b]$data[/b] נמחק בהצלחה",
      "test connection with cluster": "בדוק את החיבור לאשכול",
      "something went wrong while attempt to test connection with cluster [b]$data[/b] in workspace [b]$data[/b], mostly it is an issue with <code>cqlsh.rc</code> file": "משהו השתבש בניסיון לבדוק את החיבור לאשכול [b]$data[/b] באזור העבודה [b]$data[/b], לעיתים זו בעיה עם הקובץ <code>cqlsh.rc</code>",
      "content for this connection contains a sensitive data (username, password and alike), please consider to remove them before attempting to connect again": "תוכן זה מכיל מידע רגיש (שם משתמש, סיסמה וכיווניהם), נא לשקול להסיר אותם לפני שתנסה להתחבר שוב",
      "unsupported version": "גרסה לא נתמכת",
      "the detected version of Apache Cassandra ™ is [b]$data[/b], unwanted behaviour and compatibility issues may be encountered": "הגרסה שזוהתה של Apache Cassandra ™ היא [b]$data[/b], ייתכנו בעיות בהתנהגות ובחיבוריות לא רצויים",
      "failed to connect with cluster [b]$data[/b] in workspace [b]$data[/b]": "נכשל בניסיון להתחבר לאשכול [b]$data[/b] באזור העבודה [b]$data[/b]",
      "script \"$data\" didn't return the success code <code>0</code>, but": "התסריט \"$data\" לא החזיר את קוד ההצלחה <code>0</code>, אלא",
      "script \"$data\" seems not exist, please check its path and make sure it has no errors": "נראה כי התסריט \"$data\" אינו קיים, נא לבדוק את הנתיב שלו ולוודא שאין בו שגיאות",
      "test connection with cluster [b]$data[/b] in workspace [b]$data[/b] has finished with success, you can now connect with it and start a session": "בדיקת החיבור לאשכול [b]$data[/b] באזור העבודה [b]$data[/b] הושלמה בהצלחה, כעת ניתן להתחבר אליו ולהתחיל ישיבה",
      "SSH client has to be installed and accessible in order to establish SSH tunnel, please make sure to install it on your machine": "נדרשת התקנה וגישה ללקוח SSH כדי להקים מנהרת SSH, נא לוודא שהוא מותקן במכונתך",
      "SSH tunnel can't be established without passing at least a username, please check given info before attempting to connect again": "אין אפשרות להקים מנהרת SSH ללא העברת לפחות שם משתמש, נא לבדוק את המידע שסופק לפני ניסיון החיבור מחדש",
      "failed to establish an SSH tunnel for cluster [b]$data[/b]": "נכשל בהקמת מנהרת SSH עבור האשכול [b]$data[/b]",
      "analyzing status": "ניתוח מעמד",
      "SSL is enabled": "SSL מופעל",
      "SSL is not enabled": "SSL אינו מופעל",
      "to test connection, host name is the only required field to be fulfilled": "כדי לבדוק את החיבור, שם המאחסן הוא השדה היחיד שחייב למלא",
      "error details": "פרטי שגיאה",
      "failed to connect with cluster": "נכשל בהתחברות לאשכול",
      "successfully connected with the cluster": "התחברת בהצלחה לאשכול",
      "you may now save it": "ניתן לשמור את זה כעת",
      "you can now complete the update": "ניתן להשלים את העדכון כעת",
      "failed to complete the test process, please check the privileges of the app to read/write": "נכשל בהשלמת תהליך הבדיקה, נא לבדוק את הרשאות האפליקציה לקריאה/כתיבה",
      "failed to establish an SSH tunnel for the cluster": "נכשל בהקמת מנהרת SSH עבור האשכול",
      "to save a cluster, a unique valid name is required to be fulfilled": "כדי לשמור אשכול, יש למלא שם ייחודי ותקני",
      "a cluster is already exists with the given name [b]$data[/b] in workspace [b]$data[/b], please provide a unique valid name": "כבר קיים אשכול בשם [b]$data[/b] באזור העבודה [b]$data[/b], נא לספק שם ייחודי ותקני",
      "failed to update the cluster": "נכשל בעדכון האשכול",
      "failed to save the new cluster": "נכשל בשמירת האשכול החדש",
      "the cluster has been updated successfully": "האשכול עודכן בהצלחה",
      "the new cluster has been saved successfully": "האשכול החדש נשמר בהצלחה",
      "select workspace folder path": "בחר נתיב לתיקיית אזור העבודה",
      "do you want to delete the selected snapshots? once you confirm, there is no undo": "האם ברצונך למחוק את הצילומים הנבחרים? לאחר האישור, אין אפשרות לבטל פעולה זו",
      "sandbox feature requires [code]docker[/code] and its [code]docker-compose[/code] tool to be installed, please make sure it's installed and accessible before attempting to create a docker project": "תכונת החולייה (Sandbox) דורשת להיות מותקנים את [code]docker[/code] ואת כלי ה־[code]docker-compose[/code], נא לוודא שהם מותקנים ונגישים לפני ניסיון יצירת פרויקט docker",
      "something went wrong, failed to save the docker project": "משהו השתבש, נכשל בשמירת הפרויקט docker",
      "the project with Apache Cassandra ™ v$data has been successfully created and saved": "הפרויקט ב־Apache Cassandra ™ גרסה v$data נוצר ונשמר בהצלחה",
      "refresh variables": "רענן משתנים",
      "variables have been refreshed": "המשתנים רועננו",
      "variable or more are not having invalid name or value, make sure unique names and values are provided for each variable": "משתנה אחד או יותר מכילים שם או ערך לא תקין, נא לוודא ששמות וערכים ייחודיים נספקים לכל משתנה",
      "a collision has been detected in variable$data, please consider to $data to prevent that collision": "נמצאה התנגשות במשתנה $data, נא לשקול לשנות את $data למניעת התנגשות זו",
      "change their values": "שנה את הערכים שלהם",
      "adjust the variable scope": "התאם את הסקופ של המשתנה",
      "open the workspace folder": "פתח את תיקיית אזור העבודה",
      "open the docker project folder": "פתח את תיקיית הפרויקט docker",
      "open the cluster folder": "פתח את תיקיית האשכול",
      "workspace settings": "הגדרות אזור העבודה",
      "delete workspace": "מחק אזור עבודה",
      "add project": "הוסף פרויקט",
      "sandbox feature requires docker": "התכונה של חוליית הסנדבוקס דורשת docker",
      "starting or stopping a sandbox project may prompt an authentication request due to its reliance on [code]docker[/code] and [code]docker-compose[/code]": "הפעלה או סיום פרויקט סנדבוקס עשויים לגרום לבקשת אימות עקב התמיכה ב־[code]docker[/code] ו־[code]docker-compose[/code]",
      "edit workspace": "עריכת אזור העבודה",
      "update workspace": "עדכון אזור העבודה",
      "do you want to entirely delete the workspace [b]$data[/b]? once you confirm, there is no undo": "האם ברצונך למחוק במלואו את אזור העבודה [b]$data[/b]? לאחר האישור, אין אפשרות לבטל פעולה זו",
      "to delete a workspace, it must be empty and doesn't have any clusters in it, make sure to delete all clusters inside the workspace [b]$data[/b] before attempting to delete it again": "כדי למחוק אזור עבודה, הוא חייב להיות ריק ולא יכול לכלול שום אשכולות בתוכו. נא לוודא שכל האשכולות באזור העבודה [b]$data[/b] נמחקו לפני הניסיון למחוק אותו שוב",
      "something went wrong, failed to delete workspace [b]$data[/b]": "משהו השתבש, נכשל בניסיון למחוק אזור עבודה [b]$data[/b]",
      "workspace [b]$data[/b] has been successfully deleted": "אזור העבודה [b]$data[/b] נמחק בהצלחה",
      "the selected path is inaccessible and can't be used, please make sure you have read/write permissions": "הנתיב שנבחר אינו נגיע ואינו יכול לשמש, נא לוודא שיש לך הרשאות לקריאה/כתיבה",
      "please provide a valid and unique name for the workspace": "נא לספק שם חוקי וייחודי לאזור העבודה",
      "one cluster or more in the workspace [b]$data[/b] are having an active workarea, please make sure to close the workarea before attempting to edit the workspace again": "אחד או יותר מהאשכולות באזור העבודה [b]$data[/b] מכילים פרויקט עבודה פעיל, נא לוודא שפרויקט העבודה נסגר לפני ניסיון לערוך שוב את אזור העבודה",
      "something went wrong, failed to update workspace [b]$data[/b]": "משהו השתבש, נכשל בעדכון אזור העבודה [b]$data[/b]",
      "the workspace [b]$data[/b] has been successfully added": "אזור העבודה [b]$data[/b] הוסף בהצלחה",
      "something went wrong, failed to add workspace [b]$data[/b]": "משהו השתבש, נכשל בהוספת אזור עבודה [b]$data[/b]",
      "to add a new workspace, a unique name must be provided, please choose another name rather than [b]$data[/b] for the workspace": "כדי להוסיף אזור עבודה חדש, יש לספק שם ייחודי, נא לבחור שם אחר מאשר [b]$data[/b] לאזור העבודה",
      "variable name": "שם משתנה",
      "variable value": "ערך משתנה",
      "view": "תצוגה",
      "enter": "הכנס",
      "cassandra credentials": "פרטי אימות של Cassandra",
      "it can be enabled by running": "ניתן להפעיל את זה על ידי הרצת",
      "update cluster": "עדכון אשכול",
      "cluster": "אשכול",
      "cassandra nodes": "צמתי Cassandra",
      "$data-connection scripts execution": "ביצוע סקריפטי $data-connection",
      "pre": "מוקדם",
      "post": "מאוחר",
      "post-connection scripts are being executed after closing the connection with cluster [b]$data[/b], you'll be notified once the process is finished": "סקריפטים לאחר החיבור מתבצעים לאחר סגירת החיבור לאשכול [b]$data[/b], תועבר לך הודעה לאחר הסיום",
      "all $data-connection scripts with cluster [b]$data[/b] have been successfully executed": "כל סקריפטי $data-connection עם האשכול [b]$data[/b] הושלמו בהצלחה",
      "pre-connection scripts are being executed before starting the connection with cluster [b]$data[/b], you'll be notified once the process is finished": "סקריפטים לפני החיבור מתבצעים לפני התחלת החיבור לאשכול [b]$data[/b], תועבר לך הודעה לאחר הסיום",
      "an error has occurred while executing $data-connection scripts with cluster [b]$data[/b]": "אירעה שגיאה במהלך ביצוע סקריפטי $data-connection עם האשכול [b]$data[/b]",
      "post-connection scripts are being executed after closing the connection with the cluster, you'll be notified once the process is finished": "סקריפטים לאחר החיבור מתבצעים לאחר סגירת החיבור לאשכול, תועבר לך הודעה לאחר הסיום",
      "all $data-connection scripts with the cluster have been successfully executed": "כל סקריפטי $data-connection עם האשכול הושלמו בהצלחה",
      "an error has occurred while executing $data-connection scripts with the cluster": "אירעה שגיאה במהלך ביצוע סקריפטי $data-connection עם האשכול",
      "pre-connection scripts are being executed before starting the connection with the cluster, you'll be notified once the process is finished": "סקריפטים לפני החיבור מתבצעים לפני התחלת החיבור לאשכול, תועבר לך הודעה לאחר הסיום",
      "bash session": "מושב bash",
      "press [kbd]SHIFT[/kbd] [kbd]ENTER[/kbd] to ask": "לחץ על [kbd]SHIFT[/kbd] [kbd]ENTER[/kbd] כדי לשאול",
      "minute": "דקה",
      "minutes": "דקות",
      "a minute ago": "לפני דקה",
      "in a minute": "בעוד דקה",
      "hour": "שעה",
      "hours": "שעות",
      "an hour ago": "לפני שעה",
      "in an hour": "בעוד שעה",
      "day": "יום",
      "days": "ימים",
      "yesterday": "אתמול",
      "tomorrow": "מחר",
      "week": "שבוע",
      "weeks": "שבועות",
      "last week": "שבוע שעבר",
      "in a week": "בעוד שבוע",
      "month": "חודש",
      "months": "חודשים",
      "last month": "חודש שעבר",
      "in a month": "בעוד חודש",
      "in": "ב",
      "ago": "לפני",
      "just now": "כרגע",
      "year": "שנה",
      "last year": "שנה שעברה",
      "in a year": "בעוד שנה",
      "there are no notifications to check": "אין הודעות שצריך לבדוק",
      "passphrase": "ביטוי סיסמה",
      "clear": "ברור",
      "deleting a question will also delete its answer, are you sure?": "מחיקת שאלה תמחק גם את התשובה שלה, אתה בטוח?",
      "delete question": "למחוק שאלה",
      "something went wrong, failed to delete the question": "משהו השתבש, לא הצליח למחוק את השאלה",
      "the question has been successfully deleted": "השאלה נמחקה בהצלחה",
      "instances in loading processes": "מופעים בתהליכי טעינה",
      "logging": "רישום",
      "logging system": "מערכת רישום",
      "log info, actions, processes and related": "מידע יומן, פעולות, תהליכים ודברים קשורים",
      "this update needs an app restart": "עדכון זה דורש הפעלה מחדש של האפליקציה",
      "sandbox feature requires the current user to be in the [code]docker[/code] group in [b]Linux[/b], please make sure this requirement is met then try again": "תכונת ארגז החול מחייבת את המשתמש הנוכחי להיות בקבוצת [code]docker[/code] ב-[b]Linux[/b], אנא ודא שדרישה זו מתקיימת ולאחר מכן נסה שוב",
      "the work area of docker project [b]$data[/b] is being terminated": "אזור העבודה של פרויקט docker [b]$data[/b] מסתיים",
      "CQL description": "תיאור CQL",
      "search for CQL description": "חפש תיאור CQL",
      "right click on the cluster, keyspace or table and get its CQL description": "לחץ לחיצה ימנית על האשכול, מרווח המקשים או הטבלה וקבל את תיאור ה-CQL שלו",
      "get CQL description": "קבל תיאור CQL"
    }
  }
}
