{"v":"5.5.7","meta":{"g":"LottieFiles AE 0.1.20","a":"","k":"","d":"","tc":""},"fr":60,"ip":0,"op":540,"w":256,"h":256,"ddd":0,"assets":[],"layers":[{"ddd":0,"ind":1,"ty":4,"sr":1,"ks":{"o":{"a":0,"k":100},"r":{"a":0,"k":0},"p":{"a":0,"k":[107.5,128,0]},"a":{"a":0,"k":[128,128,0]},"s":{"a":0,"k":[200,200,100]}},"ao":0,"shapes":[{"ty":"gr","it":[{"ind":0,"ty":"sh","ks":{"a":0,"k":{"i":[[0,-2.48],[2.49,0],[0,2.49],[-2.48,0]],"o":[[0,2.49],[-2.48,0],[0,-2.48],[2.49,0]],"v":[[4.5,0],[0,4.5],[-4.5,0],[0,-4.5]],"c":true}}},{"ty":"fl","c":{"a":0,"k":[0,0,0,1]},"o":{"a":0,"k":100},"r":1,"bm":0},{"ty":"tr","p":{"a":0,"k":[123.5,128]},"a":{"a":0,"k":[0,0]},"s":{"a":1,"k":[{"i":{"x":[0.67,0.67],"y":[1,1]},"o":{"x":[0.33,0.33],"y":[0,0]},"t":-55,"s":[100,100]},{"i":{"x":[0.67,0.67],"y":[1,1]},"o":{"x":[0.33,0.33],"y":[0,0]},"t":-25,"s":[50,50]},{"i":{"x":[0.67,0.67],"y":[1,1]},"o":{"x":[0.33,0.33],"y":[0,0]},"t":5,"s":[100,100]},{"i":{"x":[0.67,0.67],"y":[1,1]},"o":{"x":[0.33,0.33],"y":[0,0]},"t":35,"s":[50,50]},{"i":{"x":[0.67,0.67],"y":[1,1]},"o":{"x":[0.33,0.33],"y":[0,0]},"t":65,"s":[100,100]},{"i":{"x":[0.67,0.67],"y":[1,1]},"o":{"x":[0.33,0.33],"y":[0,0]},"t":95,"s":[50,50]},{"i":{"x":[0.67,0.67],"y":[1,1]},"o":{"x":[0.17,0.17],"y":[0,0]},"t":125,"s":[100,100]},{"i":{"x":[0.67,0.67],"y":[1,1]},"o":{"x":[0.33,0.33],"y":[0,0]},"t":155,"s":[50,50]},{"i":{"x":[0.67,0.67],"y":[1,1]},"o":{"x":[0.33,0.33],"y":[0,0]},"t":185,"s":[100,100]},{"i":{"x":[0.67,0.67],"y":[1,1]},"o":{"x":[0.33,0.33],"y":[0,0]},"t":215,"s":[50,50]},{"i":{"x":[0.67,0.67],"y":[1,1]},"o":{"x":[0.17,0.17],"y":[0,0]},"t":245,"s":[100,100]},{"i":{"x":[0.67,0.67],"y":[1,1]},"o":{"x":[0.33,0.33],"y":[0,0]},"t":275,"s":[50,50]},{"i":{"x":[0.67,0.67],"y":[1,1]},"o":{"x":[0.33,0.33],"y":[0,0]},"t":305,"s":[100,100]},{"i":{"x":[0.67,0.67],"y":[1,1]},"o":{"x":[0.33,0.33],"y":[0,0]},"t":335,"s":[50,50]},{"i":{"x":[0.67,0.67],"y":[1,1]},"o":{"x":[0.33,0.33],"y":[0,0]},"t":365,"s":[100,100]},{"i":{"x":[0.67,0.67],"y":[1,1]},"o":{"x":[0.33,0.33],"y":[0,0]},"t":395,"s":[50,50]},{"i":{"x":[0.67,0.67],"y":[1,1]},"o":{"x":[0.17,0.17],"y":[0,0]},"t":425,"s":[100,100]},{"i":{"x":[0.67,0.67],"y":[1,1]},"o":{"x":[0.33,0.33],"y":[0,0]},"t":455,"s":[50,50]},{"i":{"x":[0.67,0.67],"y":[1,1]},"o":{"x":[0.33,0.33],"y":[0,0]},"t":485,"s":[100,100]},{"i":{"x":[0.67,0.67],"y":[1,1]},"o":{"x":[0.33,0.33],"y":[0,0]},"t":515,"s":[50,50]},{"t":545,"s":[100,100]}]},"r":{"a":0,"k":0},"o":{"a":0,"k":100},"sk":{"a":0,"k":0},"sa":{"a":0,"k":0}}],"bm":0},{"ty":"gr","it":[{"ind":0,"ty":"sh","ks":{"a":0,"k":{"i":[[0,-2.48],[2.49,0],[0,2.49],[-2.48,0]],"o":[[0,2.49],[-2.48,0],[0,-2.48],[2.49,0]],"v":[[4.5,0],[0,4.5],[-4.5,0],[0,-4.5]],"c":true}}},{"ty":"fl","c":{"a":0,"k":[0,0,0,1]},"o":{"a":0,"k":100},"r":1,"bm":0},{"ty":"tr","p":{"a":0,"k":[123.5,128]},"a":{"a":0,"k":[0,0]},"s":{"a":1,"k":[{"i":{"x":[0.67,0.67],"y":[1,1]},"o":{"x":[0.33,0.33],"y":[0,0]},"t":-59,"s":[100,100]},{"i":{"x":[0.67,0.67],"y":[1,1]},"o":{"x":[0.33,0.33],"y":[0,0]},"t":-29,"s":[150,150]},{"i":{"x":[0.67,0.67],"y":[1,1]},"o":{"x":[0.33,0.33],"y":[0,0]},"t":1,"s":[100,100]},{"i":{"x":[0.67,0.67],"y":[1,1]},"o":{"x":[0.33,0.33],"y":[0,0]},"t":31,"s":[150,150]},{"i":{"x":[0.67,0.67],"y":[1,1]},"o":{"x":[0.33,0.33],"y":[0,0]},"t":61,"s":[100,100]},{"i":{"x":[0.67,0.67],"y":[1,1]},"o":{"x":[0.33,0.33],"y":[0,0]},"t":91,"s":[150,150]},{"i":{"x":[0.67,0.67],"y":[1,1]},"o":{"x":[0.17,0.17],"y":[0,0]},"t":121,"s":[100,100]},{"i":{"x":[0.67,0.67],"y":[1,1]},"o":{"x":[0.33,0.33],"y":[0,0]},"t":151,"s":[150,150]},{"i":{"x":[0.67,0.67],"y":[1,1]},"o":{"x":[0.33,0.33],"y":[0,0]},"t":181,"s":[100,100]},{"i":{"x":[0.67,0.67],"y":[1,1]},"o":{"x":[0.33,0.33],"y":[0,0]},"t":211,"s":[150,150]},{"i":{"x":[0.67,0.67],"y":[1,1]},"o":{"x":[0.33,0.33],"y":[0,0]},"t":241,"s":[100,100]},{"i":{"x":[0.67,0.67],"y":[1,1]},"o":{"x":[0.33,0.33],"y":[0,0]},"t":271,"s":[150,150]},{"i":{"x":[0.67,0.67],"y":[1,1]},"o":{"x":[0.33,0.33],"y":[0,0]},"t":301,"s":[100,100]},{"i":{"x":[0.67,0.67],"y":[1,1]},"o":{"x":[0.33,0.33],"y":[0,0]},"t":331,"s":[150,150]},{"i":{"x":[0.67,0.67],"y":[1,1]},"o":{"x":[0.33,0.33],"y":[0,0]},"t":361,"s":[100,100]},{"i":{"x":[0.67,0.67],"y":[1,1]},"o":{"x":[0.33,0.33],"y":[0,0]},"t":391,"s":[150,150]},{"i":{"x":[0.67,0.67],"y":[1,1]},"o":{"x":[0.17,0.17],"y":[0,0]},"t":421,"s":[100,100]},{"i":{"x":[0.67,0.67],"y":[1,1]},"o":{"x":[0.33,0.33],"y":[0,0]},"t":451,"s":[150,150]},{"i":{"x":[0.67,0.67],"y":[1,1]},"o":{"x":[0.33,0.33],"y":[0,0]},"t":481,"s":[100,100]},{"i":{"x":[0.67,0.67],"y":[1,1]},"o":{"x":[0.33,0.33],"y":[0,0]},"t":511,"s":[150,150]},{"t":541,"s":[100,100]}]},"r":{"a":0,"k":0},"o":{"a":0,"k":30},"sk":{"a":0,"k":0},"sa":{"a":0,"k":0}}],"bm":0}],"ip":0,"op":540,"st":-59,"bm":0},{"ddd":0,"ind":2,"ty":4,"sr":1,"ks":{"o":{"a":0,"k":100},"r":{"a":0,"k":0},"p":{"a":0,"k":[137.5,128,0]},"a":{"a":0,"k":[128,128,0]},"s":{"a":0,"k":[200,200,100]}},"ao":0,"shapes":[{"ty":"gr","it":[{"ind":0,"ty":"sh","ks":{"a":0,"k":{"i":[[0,-2.48],[2.49,0],[0,2.49],[-2.48,0]],"o":[[0,2.49],[-2.48,0],[0,-2.48],[2.49,0]],"v":[[4.5,0],[0,4.5],[-4.5,0],[0,-4.5]],"c":true}}},{"ty":"fl","c":{"a":0,"k":[0,0,0,1]},"o":{"a":0,"k":100},"r":1,"bm":0},{"ty":"tr","p":{"a":0,"k":[123.5,128]},"a":{"a":0,"k":[0,0]},"s":{"a":1,"k":[{"i":{"x":[0.67,0.67],"y":[1,1]},"o":{"x":[0.33,0.33],"y":[0,0]},"t":-26,"s":[100,100]},{"i":{"x":[0.67,0.67],"y":[1,1]},"o":{"x":[0.33,0.33],"y":[0,0]},"t":4,"s":[50,50]},{"i":{"x":[0.67,0.67],"y":[1,1]},"o":{"x":[0.33,0.33],"y":[0,0]},"t":34,"s":[100,100]},{"i":{"x":[0.67,0.67],"y":[1,1]},"o":{"x":[0.33,0.33],"y":[0,0]},"t":64,"s":[50,50]},{"i":{"x":[0.67,0.67],"y":[1,1]},"o":{"x":[0.33,0.33],"y":[0,0]},"t":94,"s":[100,100]},{"i":{"x":[0.67,0.67],"y":[1,1]},"o":{"x":[0.33,0.33],"y":[0,0]},"t":124,"s":[50,50]},{"i":{"x":[0.67,0.67],"y":[1,1]},"o":{"x":[0.17,0.17],"y":[0,0]},"t":154,"s":[100,100]},{"i":{"x":[0.67,0.67],"y":[1,1]},"o":{"x":[0.33,0.33],"y":[0,0]},"t":184,"s":[50,50]},{"i":{"x":[0.67,0.67],"y":[1,1]},"o":{"x":[0.33,0.33],"y":[0,0]},"t":214,"s":[100,100]},{"i":{"x":[0.67,0.67],"y":[1,1]},"o":{"x":[0.33,0.33],"y":[0,0]},"t":244,"s":[50,50]},{"i":{"x":[0.67,0.67],"y":[1,1]},"o":{"x":[0.17,0.17],"y":[0,0]},"t":274,"s":[100,100]},{"i":{"x":[0.67,0.67],"y":[1,1]},"o":{"x":[0.33,0.33],"y":[0,0]},"t":304,"s":[50,50]},{"i":{"x":[0.67,0.67],"y":[1,1]},"o":{"x":[0.33,0.33],"y":[0,0]},"t":334,"s":[100,100]},{"i":{"x":[0.67,0.67],"y":[1,1]},"o":{"x":[0.33,0.33],"y":[0,0]},"t":364,"s":[50,50]},{"i":{"x":[0.67,0.67],"y":[1,1]},"o":{"x":[0.33,0.33],"y":[0,0]},"t":394,"s":[100,100]},{"i":{"x":[0.67,0.67],"y":[1,1]},"o":{"x":[0.33,0.33],"y":[0,0]},"t":424,"s":[50,50]},{"i":{"x":[0.67,0.67],"y":[1,1]},"o":{"x":[0.17,0.17],"y":[0,0]},"t":454,"s":[100,100]},{"i":{"x":[0.67,0.67],"y":[1,1]},"o":{"x":[0.33,0.33],"y":[0,0]},"t":484,"s":[50,50]},{"i":{"x":[0.67,0.67],"y":[1,1]},"o":{"x":[0.33,0.33],"y":[0,0]},"t":514,"s":[100,100]},{"i":{"x":[0.67,0.67],"y":[1,1]},"o":{"x":[0.33,0.33],"y":[0,0]},"t":544,"s":[50,50]},{"t":574,"s":[100,100]}]},"r":{"a":0,"k":0},"o":{"a":0,"k":100},"sk":{"a":0,"k":0},"sa":{"a":0,"k":0}}],"bm":0},{"ty":"gr","it":[{"ind":0,"ty":"sh","ks":{"a":0,"k":{"i":[[0,-2.48],[2.49,0],[0,2.49],[-2.48,0]],"o":[[0,2.49],[-2.48,0],[0,-2.48],[2.49,0]],"v":[[4.5,0],[0,4.5],[-4.5,0],[0,-4.5]],"c":true}}},{"ty":"fl","c":{"a":0,"k":[0,0,0,1]},"o":{"a":0,"k":100},"r":1,"bm":0},{"ty":"tr","p":{"a":0,"k":[123.5,128]},"a":{"a":0,"k":[0,0]},"s":{"a":1,"k":[{"i":{"x":[0.67,0.67],"y":[1,1]},"o":{"x":[0.33,0.33],"y":[0,0]},"t":-30,"s":[100,100]},{"i":{"x":[0.67,0.67],"y":[1,1]},"o":{"x":[0.33,0.33],"y":[0,0]},"t":0,"s":[150,150]},{"i":{"x":[0.67,0.67],"y":[1,1]},"o":{"x":[0.33,0.33],"y":[0,0]},"t":30,"s":[100,100]},{"i":{"x":[0.67,0.67],"y":[1,1]},"o":{"x":[0.33,0.33],"y":[0,0]},"t":60,"s":[150,150]},{"i":{"x":[0.67,0.67],"y":[1,1]},"o":{"x":[0.33,0.33],"y":[0,0]},"t":90,"s":[100,100]},{"i":{"x":[0.67,0.67],"y":[1,1]},"o":{"x":[0.33,0.33],"y":[0,0]},"t":120,"s":[150,150]},{"i":{"x":[0.67,0.67],"y":[1,1]},"o":{"x":[0.17,0.17],"y":[0,0]},"t":150,"s":[100,100]},{"i":{"x":[0.67,0.67],"y":[1,1]},"o":{"x":[0.33,0.33],"y":[0,0]},"t":180,"s":[150,150]},{"i":{"x":[0.67,0.67],"y":[1,1]},"o":{"x":[0.33,0.33],"y":[0,0]},"t":210,"s":[100,100]},{"i":{"x":[0.67,0.67],"y":[1,1]},"o":{"x":[0.33,0.33],"y":[0,0]},"t":240,"s":[150,150]},{"i":{"x":[0.67,0.67],"y":[1,1]},"o":{"x":[0.33,0.33],"y":[0,0]},"t":270,"s":[100,100]},{"i":{"x":[0.67,0.67],"y":[1,1]},"o":{"x":[0.33,0.33],"y":[0,0]},"t":300,"s":[150,150]},{"i":{"x":[0.67,0.67],"y":[1,1]},"o":{"x":[0.33,0.33],"y":[0,0]},"t":330,"s":[100,100]},{"i":{"x":[0.67,0.67],"y":[1,1]},"o":{"x":[0.33,0.33],"y":[0,0]},"t":360,"s":[150,150]},{"i":{"x":[0.67,0.67],"y":[1,1]},"o":{"x":[0.33,0.33],"y":[0,0]},"t":390,"s":[100,100]},{"i":{"x":[0.67,0.67],"y":[1,1]},"o":{"x":[0.33,0.33],"y":[0,0]},"t":420,"s":[150,150]},{"i":{"x":[0.67,0.67],"y":[1,1]},"o":{"x":[0.17,0.17],"y":[0,0]},"t":450,"s":[100,100]},{"i":{"x":[0.67,0.67],"y":[1,1]},"o":{"x":[0.33,0.33],"y":[0,0]},"t":480,"s":[150,150]},{"i":{"x":[0.67,0.67],"y":[1,1]},"o":{"x":[0.33,0.33],"y":[0,0]},"t":510,"s":[100,100]},{"i":{"x":[0.67,0.67],"y":[1,1]},"o":{"x":[0.33,0.33],"y":[0,0]},"t":540,"s":[150,150]},{"t":570,"s":[100,100]}]},"r":{"a":0,"k":0},"o":{"a":0,"k":30},"sk":{"a":0,"k":0},"sa":{"a":0,"k":0}}],"bm":0}],"ip":0,"op":540,"st":-59,"bm":0},{"ddd":0,"ind":3,"ty":4,"sr":1,"ks":{"o":{"a":0,"k":100},"r":{"a":0,"k":0},"p":{"a":0,"k":[167.5,128,0]},"a":{"a":0,"k":[128,128,0]},"s":{"a":0,"k":[200,200,100]}},"ao":0,"shapes":[{"ty":"gr","it":[{"ind":0,"ty":"sh","ks":{"a":0,"k":{"i":[[0,-2.48],[2.49,0],[0,2.49],[-2.48,0]],"o":[[0,2.49],[-2.48,0],[0,-2.48],[2.49,0]],"v":[[4.5,0],[0,4.5],[-4.5,0],[0,-4.5]],"c":true}}},{"ty":"fl","c":{"a":0,"k":[0,0,0,1]},"o":{"a":0,"k":100},"r":1,"bm":0},{"ty":"tr","p":{"a":0,"k":[123.5,128]},"a":{"a":0,"k":[0,0]},"s":{"a":1,"k":[{"i":{"x":[0.67,0.67],"y":[1,1]},"o":{"x":[0.33,0.33],"y":[0,0]},"t":4,"s":[100,100]},{"i":{"x":[0.67,0.67],"y":[1,1]},"o":{"x":[0.33,0.33],"y":[0,0]},"t":34,"s":[50,50]},{"i":{"x":[0.67,0.67],"y":[1,1]},"o":{"x":[0.33,0.33],"y":[0,0]},"t":64,"s":[100,100]},{"i":{"x":[0.67,0.67],"y":[1,1]},"o":{"x":[0.33,0.33],"y":[0,0]},"t":94,"s":[50,50]},{"i":{"x":[0.67,0.67],"y":[1,1]},"o":{"x":[0.33,0.33],"y":[0,0]},"t":124,"s":[100,100]},{"i":{"x":[0.67,0.67],"y":[1,1]},"o":{"x":[0.33,0.33],"y":[0,0]},"t":154,"s":[50,50]},{"i":{"x":[0.67,0.67],"y":[1,1]},"o":{"x":[0.17,0.17],"y":[0,0]},"t":184,"s":[100,100]},{"i":{"x":[0.67,0.67],"y":[1,1]},"o":{"x":[0.33,0.33],"y":[0,0]},"t":214,"s":[50,50]},{"i":{"x":[0.67,0.67],"y":[1,1]},"o":{"x":[0.33,0.33],"y":[0,0]},"t":244,"s":[100,100]},{"i":{"x":[0.67,0.67],"y":[1,1]},"o":{"x":[0.33,0.33],"y":[0,0]},"t":274,"s":[50,50]},{"i":{"x":[0.67,0.67],"y":[1,1]},"o":{"x":[0.17,0.17],"y":[0,0]},"t":304,"s":[100,100]},{"i":{"x":[0.67,0.67],"y":[1,1]},"o":{"x":[0.33,0.33],"y":[0,0]},"t":334,"s":[50,50]},{"i":{"x":[0.67,0.67],"y":[1,1]},"o":{"x":[0.33,0.33],"y":[0,0]},"t":364,"s":[100,100]},{"i":{"x":[0.67,0.67],"y":[1,1]},"o":{"x":[0.33,0.33],"y":[0,0]},"t":394,"s":[50,50]},{"i":{"x":[0.67,0.67],"y":[1,1]},"o":{"x":[0.33,0.33],"y":[0,0]},"t":424,"s":[100,100]},{"i":{"x":[0.67,0.67],"y":[1,1]},"o":{"x":[0.33,0.33],"y":[0,0]},"t":454,"s":[50,50]},{"i":{"x":[0.67,0.67],"y":[1,1]},"o":{"x":[0.17,0.17],"y":[0,0]},"t":484,"s":[100,100]},{"i":{"x":[0.67,0.67],"y":[1,1]},"o":{"x":[0.33,0.33],"y":[0,0]},"t":514,"s":[50,50]},{"i":{"x":[0.67,0.67],"y":[1,1]},"o":{"x":[0.33,0.33],"y":[0,0]},"t":544,"s":[100,100]},{"i":{"x":[0.67,0.67],"y":[1,1]},"o":{"x":[0.33,0.33],"y":[0,0]},"t":574,"s":[50,50]},{"t":604,"s":[100,100]}]},"r":{"a":0,"k":0},"o":{"a":0,"k":100},"sk":{"a":0,"k":0},"sa":{"a":0,"k":0}}],"bm":0},{"ty":"gr","it":[{"ind":0,"ty":"sh","ks":{"a":0,"k":{"i":[[0,-2.48],[2.49,0],[0,2.49],[-2.48,0]],"o":[[0,2.49],[-2.48,0],[0,-2.48],[2.49,0]],"v":[[4.5,0],[0,4.5],[-4.5,0],[0,-4.5]],"c":true}}},{"ty":"fl","c":{"a":0,"k":[0,0,0,1]},"o":{"a":0,"k":100},"r":1,"bm":0},{"ty":"tr","p":{"a":0,"k":[123.5,128]},"a":{"a":0,"k":[0,0]},"s":{"a":1,"k":[{"i":{"x":[0.67,0.67],"y":[1,1]},"o":{"x":[0.33,0.33],"y":[0,0]},"t":0,"s":[100,100]},{"i":{"x":[0.67,0.67],"y":[1,1]},"o":{"x":[0.33,0.33],"y":[0,0]},"t":30,"s":[150,150]},{"i":{"x":[0.67,0.67],"y":[1,1]},"o":{"x":[0.33,0.33],"y":[0,0]},"t":60,"s":[100,100]},{"i":{"x":[0.67,0.67],"y":[1,1]},"o":{"x":[0.33,0.33],"y":[0,0]},"t":90,"s":[150,150]},{"i":{"x":[0.67,0.67],"y":[1,1]},"o":{"x":[0.33,0.33],"y":[0,0]},"t":120,"s":[100,100]},{"i":{"x":[0.67,0.67],"y":[1,1]},"o":{"x":[0.33,0.33],"y":[0,0]},"t":150,"s":[150,150]},{"i":{"x":[0.67,0.67],"y":[1,1]},"o":{"x":[0.17,0.17],"y":[0,0]},"t":180,"s":[100,100]},{"i":{"x":[0.67,0.67],"y":[1,1]},"o":{"x":[0.33,0.33],"y":[0,0]},"t":210,"s":[150,150]},{"i":{"x":[0.67,0.67],"y":[1,1]},"o":{"x":[0.33,0.33],"y":[0,0]},"t":240,"s":[100,100]},{"i":{"x":[0.67,0.67],"y":[1,1]},"o":{"x":[0.33,0.33],"y":[0,0]},"t":270,"s":[150,150]},{"i":{"x":[0.67,0.67],"y":[1,1]},"o":{"x":[0.33,0.33],"y":[0,0]},"t":300,"s":[100,100]},{"i":{"x":[0.67,0.67],"y":[1,1]},"o":{"x":[0.33,0.33],"y":[0,0]},"t":330,"s":[150,150]},{"i":{"x":[0.67,0.67],"y":[1,1]},"o":{"x":[0.33,0.33],"y":[0,0]},"t":360,"s":[100,100]},{"i":{"x":[0.67,0.67],"y":[1,1]},"o":{"x":[0.33,0.33],"y":[0,0]},"t":390,"s":[150,150]},{"i":{"x":[0.67,0.67],"y":[1,1]},"o":{"x":[0.33,0.33],"y":[0,0]},"t":420,"s":[100,100]},{"i":{"x":[0.67,0.67],"y":[1,1]},"o":{"x":[0.33,0.33],"y":[0,0]},"t":450,"s":[150,150]},{"i":{"x":[0.67,0.67],"y":[1,1]},"o":{"x":[0.17,0.17],"y":[0,0]},"t":480,"s":[100,100]},{"i":{"x":[0.67,0.67],"y":[1,1]},"o":{"x":[0.33,0.33],"y":[0,0]},"t":510,"s":[150,150]},{"i":{"x":[0.67,0.67],"y":[1,1]},"o":{"x":[0.33,0.33],"y":[0,0]},"t":540,"s":[100,100]},{"i":{"x":[0.67,0.67],"y":[1,1]},"o":{"x":[0.33,0.33],"y":[0,0]},"t":570,"s":[150,150]},{"t":600,"s":[100,100]}]},"r":{"a":0,"k":0},"o":{"a":0,"k":30},"sk":{"a":0,"k":0},"sa":{"a":0,"k":0}}],"bm":0}],"ip":0,"op":540,"st":-59,"bm":0}],"markers":[]}