{"ddd":0,"h":851,"w":851,"meta":{"g":"@lottiefiles/toolkit-js 0.26.1"},"layers":[{"ty":4,"sr":1,"st":0,"op":60,"ip":0,"ddd":0,"bm":0,"hasMask":false,"ao":0,"ks":{"a":{"a":0,"k":[113.52,112.06,0]},"s":{"a":0,"k":[100,100,100]},"sk":{"a":0,"k":0},"p":{"a":0,"k":[425.2,424.2,0]},"r":{"a":0,"k":0},"sa":{"a":0,"k":0},"o":{"a":0,"k":100}},"ef":[],"shapes":[{"ty":"gr","bm":0,"it":[{"ty":"sh","bm":0,"d":1,"ks":{"a":0,"k":{"c":false,"i":[[0,0],[0,5.89],[18.41,0],[5.92,-9.29],[11.83,0],[0,-18.41],[-8.01,-6.09]],"o":[[2.68,-4.8],[0,-18.41],[-11.83,0],[-5.91,-9.29],[-18.41,0],[0,10.84],[0,0]],"v":[[57.25,19.62],[61.46,3.39],[28.13,-29.94],[0,-14.48],[-28.13,-29.94],[-61.46,3.39],[-48.27,29.95]]}}},{"ty":"st","bm":0,"lc":1,"lj":1,"ml":10,"o":{"a":0,"k":100},"w":{"a":0,"k":8},"c":{"a":0,"k":[0.2235,0.2392,0.251]}},{"ty":"tr","a":{"a":0,"k":[0,0]},"s":{"a":0,"k":[100,100]},"sk":{"a":0,"k":0},"p":{"a":0,"k":[113.52,47.45]},"r":{"a":0,"k":0},"sa":{"a":0,"k":0},"o":{"a":0,"k":100}}]},{"ty":"gr","bm":0,"it":[{"ty":"sh","bm":0,"d":1,"ks":{"a":0,"k":{"c":false,"i":[[0,0],[0,-15.8],[-0.7,-2.58]],"o":[[-15.34,1.74],[0,2.81],[0,0]],"v":[[13.63,-19.34],[-13.62,11.23],[-12.54,19.34]]}}},{"ty":"st","bm":0,"lc":1,"lj":1,"ml":10,"o":{"a":0,"k":100},"w":{"a":0,"k":8},"c":{"a":0,"k":[0.2235,0.2392,0.251]}},{"ty":"tr","a":{"a":0,"k":[0,0]},"s":{"a":0,"k":[100,100]},"sk":{"a":0,"k":0},"p":{"a":0,"k":[38.67,72.58]},"r":{"a":0,"k":0},"sa":{"a":0,"k":0},"o":{"a":0,"k":100}}]},{"ty":"gr","bm":0,"it":[{"ty":"sh","bm":0,"d":1,"ks":{"a":0,"k":{"c":false,"i":[[0,0],[3.21,-1.14],[0,-13.39],[-11.94,-4.23]],"o":[[-3.6,0],[-11.94,4.23],[0,13.39],[0,0]],"v":[[15.38,-29.89],[5.11,-28.13],[-15.38,0.88],[5.11,29.89]]}}},{"ty":"st","bm":0,"lc":1,"lj":1,"ml":10,"o":{"a":0,"k":100},"w":{"a":0,"k":8},"c":{"a":0,"k":[0.2235,0.2392,0.251]}},{"ty":"tr","a":{"a":0,"k":[0,0]},"s":{"a":0,"k":[100,100]},"sk":{"a":0,"k":0},"p":{"a":0,"k":[32.88,115.2]},"r":{"a":0,"k":0},"sa":{"a":0,"k":0},"o":{"a":0,"k":100}}]},{"ty":"gr","bm":0,"it":[{"ty":"sh","bm":0,"d":1,"ks":{"a":0,"k":{"c":false,"i":[[0,0],[0,15.82],[-0.58,2.36],[-0.56,1.37]],"o":[[-15.36,-1.72],[0,-2.54],[0.36,-1.46],[0,0]],"v":[[13.65,21.09],[-13.65,-9.48],[-12.76,-16.85],[-11.38,-21.09]]}}},{"ty":"st","bm":0,"lc":1,"lj":1,"ml":10,"o":{"a":0,"k":100},"w":{"a":0,"k":8},"c":{"a":0,"k":[0.2235,0.2392,0.251]}},{"ty":"tr","a":{"a":0,"k":[0,0]},"s":{"a":0,"k":[100,100]},"sk":{"a":0,"k":0},"p":{"a":0,"k":[38.7,158.59]},"r":{"a":0,"k":0},"sa":{"a":0,"k":0},"o":{"a":0,"k":100}}]},{"ty":"gr","bm":0,"it":[{"ty":"sh","bm":0,"d":1,"ks":{"a":0,"k":{"c":false,"i":[[0,0],[16.99,0],[0,16.99],[-0.93,2.94]],"o":[[0,16.99],[-16.99,0],[0,-3.25],[0,0]],"v":[[30.76,-10.72],[0,20.05],[-30.76,-10.72],[-29.32,-20.05]]}}},{"ty":"st","bm":0,"lc":1,"lj":1,"ml":10,"o":{"a":0,"k":100},"w":{"a":0,"k":8},"c":{"a":0,"k":[0.2235,0.2392,0.251]}},{"ty":"tr","a":{"a":0,"k":[0,0]},"s":{"a":0,"k":[100,100]},"sk":{"a":0,"k":0},"p":{"a":0,"k":[82.82,186.57]},"r":{"a":0,"k":0},"sa":{"a":0,"k":0},"o":{"a":0,"k":100}}]},{"ty":"gr","bm":0,"it":[{"ty":"sh","bm":0,"d":1,"ks":{"a":0,"k":{"c":false,"i":[[0,0],[-1.15,-0.13],[0,-15.8],[0.71,-2.59]],"o":[[1.19,0],[15.34,1.74],[0,2.81],[0,0]],"v":[[-15.38,-19.44],[-11.87,-19.24],[15.38,11.32],[14.3,19.44]]}}},{"ty":"st","bm":0,"lc":1,"lj":1,"ml":10,"o":{"a":0,"k":100},"w":{"a":0,"k":8},"c":{"a":0,"k":[0.2235,0.2392,0.251]}},{"ty":"tr","a":{"a":0,"k":[0,0]},"s":{"a":0,"k":[100,100]},"sk":{"a":0,"k":0},"p":{"a":0,"k":[186.61,72.48]},"r":{"a":0,"k":0},"sa":{"a":0,"k":0},"o":{"a":0,"k":100}}]},{"ty":"gr","bm":0,"it":[{"ty":"sh","bm":0,"d":1,"ks":{"a":0,"k":{"c":false,"i":[[0,0],[-3.21,-1.14],[0,-13.39],[11.94,-4.23]],"o":[[3.6,0],[11.94,4.23],[0,13.39],[0,0]],"v":[[-15.38,-29.89],[-5.11,-28.13],[15.38,0.88],[-5.11,29.89]]}}},{"ty":"st","bm":0,"lc":1,"lj":1,"ml":10,"o":{"a":0,"k":100},"w":{"a":0,"k":8},"c":{"a":0,"k":[0.2235,0.2392,0.251]}},{"ty":"tr","a":{"a":0,"k":[0,0]},"s":{"a":0,"k":[100,100]},"sk":{"a":0,"k":0},"p":{"a":0,"k":[194.15,115.2]},"r":{"a":0,"k":0},"sa":{"a":0,"k":0},"o":{"a":0,"k":100}}]},{"ty":"gr","bm":0,"it":[{"ty":"sh","bm":0,"d":1,"ks":{"a":0,"k":{"c":false,"i":[[0,0],[-4.28,0],[-1.14,0.13],[0,15.82],[0.58,2.36],[0.33,0.94]],"o":[[3.7,1.58],[1.17,0],[15.36,-1.72],[0,-2.54],[-0.24,-0.98],[0,0]],"v":[[-21.41,18.05],[-9.35,20.51],[-5.88,20.31],[21.41,-10.26],[20.52,-17.63],[19.67,-20.51]]}}},{"ty":"st","bm":0,"lc":1,"lj":1,"ml":10,"o":{"a":0,"k":100},"w":{"a":0,"k":8},"c":{"a":0,"k":[0.2235,0.2392,0.251]}},{"ty":"tr","a":{"a":0,"k":[0,0]},"s":{"a":0,"k":[100,100]},"sk":{"a":0,"k":0},"p":{"a":0,"k":[180.58,159.37]},"r":{"a":0,"k":0},"sa":{"a":0,"k":0},"o":{"a":0,"k":100}}]},{"ty":"gr","bm":0,"it":[{"ty":"sh","bm":0,"d":1,"ks":{"a":0,"k":{"c":false,"i":[[0,0],[15.69,0],[0,16.99],[0,0]],"o":[[-1.89,15.18],[-16.99,0],[0,0],[0,0]],"v":[[30.65,59.9],[0.12,86.83],[-30.64,56.06],[-30.58,-86.83]]}}},{"ty":"st","bm":0,"lc":1,"lj":1,"ml":10,"o":{"a":0,"k":100},"w":{"a":0,"k":8},"c":{"a":0,"k":[0.2235,0.2392,0.251]}},{"ty":"tr","a":{"a":0,"k":[0,0]},"s":{"a":0,"k":[100,100]},"sk":{"a":0,"k":0},"p":{"a":0,"k":[144.1,119.79]},"r":{"a":0,"k":0},"sa":{"a":0,"k":0},"o":{"a":0,"k":100}}]},{"ty":"gr","bm":0,"it":[{"ty":"sh","bm":0,"d":1,"ks":{"a":0,"k":{"c":false,"i":[[0,0],[3.21,-1.14],[0,-13.39],[-11.94,-4.23]],"o":[[-3.6,0],[-11.94,4.23],[0,13.39],[0,0]],"v":[[15.38,-29.89],[5.11,-28.13],[-15.38,0.88],[5.11,29.89]]}}},{"ty":"st","bm":0,"lc":1,"lj":1,"ml":10,"o":{"a":0,"k":100},"w":{"a":0,"k":8},"c":{"a":0,"k":[0.2235,0.2392,0.251]}},{"ty":"tr","a":{"a":0,"k":[0,0]},"s":{"a":0,"k":[100,100]},"sk":{"a":0,"k":0},"p":{"a":0,"k":[32.88,115.2]},"r":{"a":0,"k":0},"sa":{"a":0,"k":0},"o":{"a":0,"k":100}}]},{"ty":"tm","bm":0,"e":{"a":0,"k":54},"o":{"a":1,"k":[{"o":{"x":0.17,"y":0.17},"i":{"x":0.83,"y":0.83},"s":[0],"t":0},{"s":[1080],"t":59}]},"s":{"a":0,"k":0},"m":1}],"ind":1},{"ty":4,"sr":1,"st":0,"op":60,"ip":0,"ddd":0,"bm":0,"hasMask":false,"ao":0,"ks":{"a":{"a":0,"k":[78.96,47.44,0]},"s":{"a":0,"k":[100,100,100]},"sk":{"a":0,"k":0},"p":{"a":0,"k":[425.13,359.82,0]},"r":{"a":0,"k":0},"sa":{"a":0,"k":0},"o":{"a":0,"k":100}},"ef":[],"shapes":[{"ty":"gr","bm":0,"it":[{"ty":"sh","bm":0,"d":1,"ks":{"a":0,"k":{"c":false,"i":[[0,0],[0,5.89],[18.41,0],[5.92,-9.29],[11.83,0],[0,-18.41],[-8.01,-6.09]],"o":[[2.68,-4.8],[0,-18.41],[-11.83,0],[-5.91,-9.29],[-18.41,0],[0,10.84],[0,0]],"v":[[57.25,19.62],[61.46,3.39],[28.13,-29.94],[0,-14.48],[-28.13,-29.94],[-61.46,3.39],[-48.27,29.95]]}}},{"ty":"st","bm":0,"lc":1,"lj":1,"ml":10,"o":{"a":0,"k":100},"w":{"a":0,"k":7},"c":{"a":0,"k":[0.6353,0.6706,0.7059]}},{"ty":"tr","a":{"a":0,"k":[0,0]},"s":{"a":0,"k":[100,100]},"sk":{"a":0,"k":0},"p":{"a":0,"k":[78.96,47.45]},"r":{"a":0,"k":0},"sa":{"a":0,"k":0},"o":{"a":0,"k":100}}]}],"ind":2},{"ty":4,"sr":1,"st":0,"op":60,"ip":0,"ddd":0,"bm":0,"hasMask":false,"ao":0,"ks":{"a":{"a":0,"k":[31.13,36.84,0]},"s":{"a":0,"k":[100,100,100]},"sk":{"a":0,"k":0},"p":{"a":0,"k":[350.29,384.96,0]},"r":{"a":0,"k":0},"sa":{"a":0,"k":0},"o":{"a":0,"k":100}},"ef":[],"shapes":[{"ty":"gr","bm":0,"it":[{"ty":"sh","bm":0,"d":1,"ks":{"a":0,"k":{"c":false,"i":[[0,0],[0,-15.8],[-0.7,-2.58]],"o":[[-15.34,1.74],[0,2.81],[0,0]],"v":[[13.63,-19.34],[-13.62,11.23],[-12.54,19.34]]}}},{"ty":"st","bm":0,"lc":1,"lj":1,"ml":10,"o":{"a":0,"k":100},"w":{"a":0,"k":7},"c":{"a":0,"k":[0.6353,0.6706,0.7059]}},{"ty":"tr","a":{"a":0,"k":[0,0]},"s":{"a":0,"k":[100,100]},"sk":{"a":0,"k":0},"p":{"a":0,"k":[31.13,36.84]},"r":{"a":0,"k":0},"sa":{"a":0,"k":0},"o":{"a":0,"k":100}}]}],"ind":3},{"ty":4,"sr":1,"st":0,"op":60,"ip":0,"ddd":0,"bm":0,"hasMask":false,"ao":0,"ks":{"a":{"a":0,"k":[32.88,47.39,0]},"s":{"a":0,"k":[100,100,100]},"sk":{"a":0,"k":0},"p":{"a":0,"k":[344.49,427.58,0]},"r":{"a":0,"k":0},"sa":{"a":0,"k":0},"o":{"a":0,"k":100}},"ef":[],"shapes":[{"ty":"gr","bm":0,"it":[{"ty":"sh","bm":0,"d":1,"ks":{"a":0,"k":{"c":false,"i":[[0,0],[3.21,-1.14],[0,-13.39],[-11.94,-4.22]],"o":[[-3.6,0],[-11.94,4.23],[0,13.39],[0,0]],"v":[[15.38,-29.89],[5.11,-28.13],[-15.38,0.88],[5.11,29.89]]}}},{"ty":"st","bm":0,"lc":1,"lj":1,"ml":10,"o":{"a":0,"k":100},"w":{"a":0,"k":7},"c":{"a":0,"k":[0.6353,0.6706,0.7059]}},{"ty":"tr","a":{"a":0,"k":[0,0]},"s":{"a":0,"k":[100,100]},"sk":{"a":0,"k":0},"p":{"a":0,"k":[32.88,47.39]},"r":{"a":0,"k":0},"sa":{"a":0,"k":0},"o":{"a":0,"k":100}}]}],"ind":4},{"ty":4,"sr":1,"st":0,"op":60,"ip":0,"ddd":0,"bm":0,"hasMask":false,"ao":0,"ks":{"a":{"a":0,"k":[31.15,38.59,0]},"s":{"a":0,"k":[100,100,100]},"sk":{"a":0,"k":0},"p":{"a":0,"k":[350.31,470.97,0]},"r":{"a":0,"k":0},"sa":{"a":0,"k":0},"o":{"a":0,"k":100}},"ef":[],"shapes":[{"ty":"gr","bm":0,"it":[{"ty":"sh","bm":0,"d":1,"ks":{"a":0,"k":{"c":false,"i":[[0,0],[0,15.82],[-0.58,2.36],[-0.56,1.37]],"o":[[-15.36,-1.72],[0,-2.54],[0.36,-1.46],[0,0]],"v":[[13.65,21.09],[-13.65,-9.48],[-12.76,-16.85],[-11.38,-21.09]]}}},{"ty":"st","bm":0,"lc":1,"lj":1,"ml":10,"o":{"a":0,"k":100},"w":{"a":0,"k":7},"c":{"a":0,"k":[0.6353,0.6706,0.7059]}},{"ty":"tr","a":{"a":0,"k":[0,0]},"s":{"a":0,"k":[100,100]},"sk":{"a":0,"k":0},"p":{"a":0,"k":[31.15,38.59]},"r":{"a":0,"k":0},"sa":{"a":0,"k":0},"o":{"a":0,"k":100}}]}],"ind":5},{"ty":4,"sr":1,"st":0,"op":60,"ip":0,"ddd":0,"bm":0,"hasMask":false,"ao":0,"ks":{"a":{"a":0,"k":[48.26,37.55,0]},"s":{"a":0,"k":[100,100,100]},"sk":{"a":0,"k":0},"p":{"a":0,"k":[394.43,498.94,0]},"r":{"a":0,"k":0},"sa":{"a":0,"k":0},"o":{"a":0,"k":100}},"ef":[],"shapes":[{"ty":"gr","bm":0,"it":[{"ty":"sh","bm":0,"d":1,"ks":{"a":0,"k":{"c":false,"i":[[0,0],[16.99,0],[0,16.99],[-0.93,2.94]],"o":[[0,16.99],[-16.99,0],[0,-3.25],[0,0]],"v":[[30.76,-10.72],[0,20.05],[-30.76,-10.72],[-29.32,-20.05]]}}},{"ty":"st","bm":0,"lc":1,"lj":1,"ml":10,"o":{"a":0,"k":100},"w":{"a":0,"k":7},"c":{"a":0,"k":[0.6353,0.6706,0.7059]}},{"ty":"tr","a":{"a":0,"k":[0,0]},"s":{"a":0,"k":[100,100]},"sk":{"a":0,"k":0},"p":{"a":0,"k":[48.26,37.55]},"r":{"a":0,"k":0},"sa":{"a":0,"k":0},"o":{"a":0,"k":100}}]}],"ind":6},{"ty":4,"sr":1,"st":0,"op":60,"ip":0,"ddd":0,"bm":0,"hasMask":false,"ao":0,"ks":{"a":{"a":0,"k":[32.88,36.94,0]},"s":{"a":0,"k":[100,100,100]},"sk":{"a":0,"k":0},"p":{"a":0,"k":[498.22,384.86,0]},"r":{"a":0,"k":0},"sa":{"a":0,"k":0},"o":{"a":0,"k":100}},"ef":[],"shapes":[{"ty":"gr","bm":0,"it":[{"ty":"sh","bm":0,"d":1,"ks":{"a":0,"k":{"c":false,"i":[[0,0],[-1.15,-0.13],[0,-15.8],[0.71,-2.59]],"o":[[1.19,0],[15.34,1.74],[0,2.81],[0,0]],"v":[[-15.38,-19.44],[-11.87,-19.24],[15.38,11.32],[14.3,19.44]]}}},{"ty":"st","bm":0,"lc":1,"lj":1,"ml":10,"o":{"a":0,"k":100},"w":{"a":0,"k":7},"c":{"a":0,"k":[0.6353,0.6706,0.7059]}},{"ty":"tr","a":{"a":0,"k":[0,0]},"s":{"a":0,"k":[100,100]},"sk":{"a":0,"k":0},"p":{"a":0,"k":[32.88,36.94]},"r":{"a":0,"k":0},"sa":{"a":0,"k":0},"o":{"a":0,"k":100}}]}],"ind":7},{"ty":4,"sr":1,"st":0,"op":60,"ip":0,"ddd":0,"bm":0,"hasMask":false,"ao":0,"ks":{"a":{"a":0,"k":[32.88,47.39,0]},"s":{"a":0,"k":[100,100,100]},"sk":{"a":0,"k":0},"p":{"a":0,"k":[505.77,427.58,0]},"r":{"a":0,"k":0},"sa":{"a":0,"k":0},"o":{"a":0,"k":100}},"ef":[],"shapes":[{"ty":"gr","bm":0,"it":[{"ty":"sh","bm":0,"d":1,"ks":{"a":0,"k":{"c":false,"i":[[0,0],[-3.21,-1.14],[0,-13.39],[11.94,-4.22]],"o":[[3.6,0],[11.94,4.23],[0,13.39],[0,0]],"v":[[-15.38,-29.89],[-5.11,-28.13],[15.38,0.88],[-5.11,29.89]]}}},{"ty":"st","bm":0,"lc":1,"lj":1,"ml":10,"o":{"a":0,"k":100},"w":{"a":0,"k":7},"c":{"a":0,"k":[0.6353,0.6706,0.7059]}},{"ty":"tr","a":{"a":0,"k":[0,0]},"s":{"a":0,"k":[100,100]},"sk":{"a":0,"k":0},"p":{"a":0,"k":[32.88,47.39]},"r":{"a":0,"k":0},"sa":{"a":0,"k":0},"o":{"a":0,"k":100}}]}],"ind":8},{"ty":4,"sr":1,"st":0,"op":60,"ip":0,"ddd":0,"bm":0,"hasMask":false,"ao":0,"ks":{"a":{"a":0,"k":[38.91,38.01,0]},"s":{"a":0,"k":[100,100,100]},"sk":{"a":0,"k":0},"p":{"a":0,"k":[492.19,471.74,0]},"r":{"a":0,"k":0},"sa":{"a":0,"k":0},"o":{"a":0,"k":100}},"ef":[],"shapes":[{"ty":"gr","bm":0,"it":[{"ty":"sh","bm":0,"d":1,"ks":{"a":0,"k":{"c":false,"i":[[0,0],[-4.28,0],[-1.14,0.13],[0,15.82],[0.58,2.36],[0.33,0.94]],"o":[[3.7,1.58],[1.17,0],[15.36,-1.72],[0,-2.54],[-0.24,-0.98],[0,0]],"v":[[-21.41,18.05],[-9.35,20.51],[-5.88,20.31],[21.41,-10.26],[20.52,-17.63],[19.67,-20.51]]}}},{"ty":"st","bm":0,"lc":1,"lj":1,"ml":10,"o":{"a":0,"k":100},"w":{"a":0,"k":7},"c":{"a":0,"k":[0.6353,0.6706,0.7059]}},{"ty":"tr","a":{"a":0,"k":[0,0]},"s":{"a":0,"k":[100,100]},"sk":{"a":0,"k":0},"p":{"a":0,"k":[38.91,38.01]},"r":{"a":0,"k":0},"sa":{"a":0,"k":0},"o":{"a":0,"k":100}}]}],"ind":9},{"ty":4,"sr":1,"st":0,"op":60,"ip":0,"ddd":0,"bm":0,"hasMask":false,"ao":0,"ks":{"a":{"a":0,"k":[48.15,104.33,0]},"s":{"a":0,"k":[100,100,100]},"sk":{"a":0,"k":0},"p":{"a":0,"k":[455.71,432.16,0]},"r":{"a":0,"k":0},"sa":{"a":0,"k":0},"o":{"a":0,"k":100}},"ef":[],"shapes":[{"ty":"gr","bm":0,"it":[{"ty":"sh","bm":0,"d":1,"ks":{"a":0,"k":{"c":false,"i":[[0,0],[15.69,0],[0,16.99],[0,0]],"o":[[-1.89,15.18],[-16.99,0],[0,0],[0,0]],"v":[[30.65,59.9],[0.12,86.83],[-30.64,56.06],[-30.58,-86.83]]}}},{"ty":"st","bm":0,"lc":1,"lj":1,"ml":10,"o":{"a":0,"k":100},"w":{"a":0,"k":7},"c":{"a":0,"k":[0.6353,0.6706,0.7059]}},{"ty":"tr","a":{"a":0,"k":[0,0]},"s":{"a":0,"k":[100,100]},"sk":{"a":0,"k":0},"p":{"a":0,"k":[48.15,104.33]},"r":{"a":0,"k":0},"sa":{"a":0,"k":0},"o":{"a":0,"k":100}}]}],"ind":10},{"ty":4,"sr":1,"st":0,"op":60,"ip":0,"ddd":0,"bm":0,"hasMask":false,"ao":0,"ks":{"a":{"a":0,"k":[28.21,38.93,0]},"s":{"a":0,"k":[100,100,100]},"sk":{"a":0,"k":0},"p":{"a":0,"k":[374.94,443.76,0]},"r":{"a":0,"k":0},"sa":{"a":0,"k":0},"o":{"a":0,"k":100}},"ef":[],"shapes":[{"ty":"gr","bm":0,"it":[{"ty":"sh","bm":0,"d":1,"ks":{"a":0,"k":{"c":false,"i":[[0,0],[0,11.83],[-11.83,0]],"o":[[-11.83,0],[0,-11.83],[0,0]],"v":[[10.71,21.43],[-10.71,0],[10.71,-21.43]]}}},{"ty":"st","bm":0,"lc":1,"lj":1,"ml":10,"o":{"a":0,"k":100},"w":{"a":0,"k":7},"c":{"a":0,"k":[0.6353,0.6706,0.7059]}},{"ty":"tr","a":{"a":0,"k":[0,0]},"s":{"a":0,"k":[100,100]},"sk":{"a":0,"k":0},"p":{"a":0,"k":[28.21,38.93]},"r":{"a":0,"k":0},"sa":{"a":0,"k":0},"o":{"a":0,"k":100}}]}],"ind":11},{"ty":4,"sr":1,"st":0,"op":60,"ip":0,"ddd":0,"bm":0,"hasMask":false,"ao":0,"ks":{"a":{"a":0,"k":[28.21,38.93,0]},"s":{"a":0,"k":[100,100,100]},"sk":{"a":0,"k":0},"p":{"a":0,"k":[467.25,413.91,0]},"r":{"a":0,"k":0},"sa":{"a":0,"k":0},"o":{"a":0,"k":100}},"ef":[],"shapes":[{"ty":"gr","bm":0,"it":[{"ty":"sh","bm":0,"d":1,"ks":{"a":0,"k":{"c":false,"i":[[0,0],[0,-11.83],[11.83,0]],"o":[[11.83,0],[0,11.83],[0,0]],"v":[[-10.71,-21.43],[10.71,0],[-10.71,21.43]]}}},{"ty":"st","bm":0,"lc":1,"lj":1,"ml":10,"o":{"a":0,"k":100},"w":{"a":0,"k":7},"c":{"a":0,"k":[0.6353,0.6706,0.7059]}},{"ty":"tr","a":{"a":0,"k":[0,0]},"s":{"a":0,"k":[100,100]},"sk":{"a":0,"k":0},"p":{"a":0,"k":[28.21,38.93]},"r":{"a":0,"k":0},"sa":{"a":0,"k":0},"o":{"a":0,"k":100}}]}],"ind":12},{"ty":4,"sr":1,"st":0,"op":60,"ip":0,"ddd":0,"bm":0,"hasMask":false,"ao":0,"ks":{"a":{"a":0,"k":[24.35,24.35,0]},"s":{"a":0,"k":[100,100,100]},"sk":{"a":0,"k":0},"p":{"a":0,"k":[460.39,471.8,0]},"r":{"a":0,"k":0},"sa":{"a":0,"k":0},"o":{"a":0,"k":100}},"ef":[],"shapes":[{"ty":"gr","bm":0,"it":[{"ty":"sh","bm":0,"d":1,"ks":{"a":0,"k":{"c":false,"i":[[0,0],[7.57,0]],"o":[[0,7.57],[0,0]],"v":[[6.86,-6.85],[-6.85,6.86]]}}},{"ty":"st","bm":0,"lc":1,"lj":1,"ml":10,"o":{"a":0,"k":100},"w":{"a":0,"k":7},"c":{"a":0,"k":[0.6353,0.6706,0.7059]}},{"ty":"tr","a":{"a":0,"k":[0,0]},"s":{"a":0,"k":[100,100]},"sk":{"a":0,"k":0},"p":{"a":0,"k":[24.36,24.36]},"r":{"a":0,"k":0},"sa":{"a":0,"k":0},"o":{"a":0,"k":100}}]}],"ind":13}],"v":"5.5.10","fr":29.97,"op":60,"ip":0,"assets":[]}