{"v":"5.5.7","meta":{"g":"LottieFiles AE 0.1.21","a":"Sabbir","k":"teal","d":"Circle pop","tc":"teal"},"fr":25,"ip":0,"op":26,"w":120,"h":120,"ddd":0,"assets":[],"layers":[{"ddd":0,"ind":1,"ty":4,"sr":1,"ks":{"o":{"a":0,"k":100},"r":{"a":0,"k":0},"p":{"a":0,"k":[60,60,0]},"a":{"a":0,"k":[-264,-41,0]},"s":{"a":0,"k":[80,80,100]}},"ao":0,"shapes":[{"ty":"gr","it":[{"d":1,"ty":"el","s":{"a":0,"k":[67,67]},"p":{"a":0,"k":[0,0]}},{"ty":"fl","c":{"a":0,"k":[1,0.5019607843137255,0,1]},"o":{"a":0,"k":100},"r":1,"bm":0},{"ty":"tr","p":{"a":0,"k":[-264,-40.75]},"a":{"a":0,"k":[0,0]},"s":{"a":0,"k":[100,100]},"r":{"a":0,"k":0},"o":{"a":0,"k":100},"sk":{"a":0,"k":0},"sa":{"a":0,"k":0}}],"bm":0}],"ip":0,"op":750,"st":0,"bm":0},{"ddd":0,"ind":2,"ty":4,"sr":1,"ks":{"o":{"a":1,"k":[{"i":{"x":[0.83],"y":[0.83]},"o":{"x":[0.17],"y":[0.17]},"t":0,"s":[60]},{"t":25,"s":[0],"h":1},{"i":{"x":[0.83],"y":[0.83]},"o":{"x":[0.17],"y":[0.17]},"t":26,"s":[60]},{"t":50,"s":[0],"h":1},{"i":{"x":[0.83],"y":[0.83]},"o":{"x":[0.17],"y":[0.17]},"t":51,"s":[60]},{"t":75,"s":[0],"h":1},{"i":{"x":[0.83],"y":[0.83]},"o":{"x":[0.17],"y":[0.17]},"t":76,"s":[60]},{"t":100,"s":[0],"h":1},{"i":{"x":[0.83],"y":[0.83]},"o":{"x":[0.17],"y":[0.17]},"t":101,"s":[60]},{"t":125,"s":[0],"h":1},{"i":{"x":[0.83],"y":[0.83]},"o":{"x":[0.17],"y":[0.17]},"t":126,"s":[60]},{"t":150,"s":[0],"h":1},{"i":{"x":[0.83],"y":[0.83]},"o":{"x":[0.17],"y":[0.17]},"t":151,"s":[60]},{"t":175,"s":[0],"h":1},{"i":{"x":[0.83],"y":[0.83]},"o":{"x":[0.17],"y":[0.17]},"t":176,"s":[60]},{"t":200,"s":[0],"h":1},{"i":{"x":[0.83],"y":[0.83]},"o":{"x":[0.17],"y":[0.17]},"t":201,"s":[60]},{"t":225,"s":[0],"h":1},{"i":{"x":[0.83],"y":[0.83]},"o":{"x":[0.17],"y":[0.17]},"t":226,"s":[60]},{"t":250,"s":[0],"h":1}]},"r":{"a":0,"k":0},"p":{"a":0,"k":[60,60,0]},"a":{"a":0,"k":[-264,-41,0]},"s":{"a":1,"k":[{"i":{"x":[0.83,0.83,0.83],"y":[0.83,0.83,0.83]},"o":{"x":[0.17,0.17,0.17],"y":[0.17,0.17,0.17]},"t":0,"s":[80,80,100]},{"t":25,"s":[160,160,100],"h":1},{"i":{"x":[0.83,0.83,0.83],"y":[0.83,0.83,0.83]},"o":{"x":[0.17,0.17,0.17],"y":[0.17,0.17,0.17]},"t":26,"s":[80,80,100]},{"t":50,"s":[160,160,100],"h":1},{"i":{"x":[0.83,0.83,0.83],"y":[0.83,0.83,0.83]},"o":{"x":[0.17,0.17,0.17],"y":[0.17,0.17,0.17]},"t":51,"s":[80,80,100]},{"t":75,"s":[160,160,100],"h":1},{"i":{"x":[0.83,0.83,0.83],"y":[0.83,0.83,0.83]},"o":{"x":[0.17,0.17,0.17],"y":[0.17,0.17,0.17]},"t":76,"s":[80,80,100]},{"t":100,"s":[160,160,100],"h":1},{"i":{"x":[0.83,0.83,0.83],"y":[0.83,0.83,0.83]},"o":{"x":[0.17,0.17,0.17],"y":[0.17,0.17,0.17]},"t":101,"s":[80,80,100]},{"t":125,"s":[160,160,100],"h":1},{"i":{"x":[0.83,0.83,0.83],"y":[0.83,0.83,0.83]},"o":{"x":[0.17,0.17,0.17],"y":[0.17,0.17,0.17]},"t":126,"s":[80,80,100]},{"t":150,"s":[160,160,100],"h":1},{"i":{"x":[0.83,0.83,0.83],"y":[0.83,0.83,0.83]},"o":{"x":[0.17,0.17,0.17],"y":[0.17,0.17,0.17]},"t":151,"s":[80,80,100]},{"t":175,"s":[160,160,100],"h":1},{"i":{"x":[0.83,0.83,0.83],"y":[0.83,0.83,0.83]},"o":{"x":[0.17,0.17,0.17],"y":[0.17,0.17,0.17]},"t":176,"s":[80,80,100]},{"t":200,"s":[160,160,100],"h":1},{"i":{"x":[0.83,0.83,0.83],"y":[0.83,0.83,0.83]},"o":{"x":[0.17,0.17,0.17],"y":[0.17,0.17,0.17]},"t":201,"s":[80,80,100]},{"t":225,"s":[160,160,100],"h":1},{"i":{"x":[0.83,0.83,0.83],"y":[0.83,0.83,0.83]},"o":{"x":[0.17,0.17,0.17],"y":[0.17,0.17,0.17]},"t":226,"s":[80,80,100]},{"t":250,"s":[160,160,100],"h":1},{"i":{"x":[0.83,0.83,0.83],"y":[0.83,0.83,0.83]},"o":{"x":[0.17,0.17,0.17],"y":[0.17,0.17,0.17]},"t":251,"s":[80,80,100]},{"t":275,"s":[160,160,100],"h":1},{"i":{"x":[0.83,0.83,0.83],"y":[0.83,0.83,0.83]},"o":{"x":[0.17,0.17,0.17],"y":[0.17,0.17,0.17]},"t":276,"s":[80,80,100]},{"t":300,"s":[160,160,100],"h":1},{"t":301,"s":[80,80,100],"h":1}]}},"ao":0,"shapes":[{"ty":"gr","it":[{"d":1,"ty":"el","s":{"a":0,"k":[67,67]},"p":{"a":0,"k":[0,0]}},{"ty":"fl","c":{"a":0,"k":[1,0.5019607843137255,0,1]},"o":{"a":0,"k":100},"r":1,"bm":0},{"ty":"tr","p":{"a":0,"k":[-264,-40.75]},"a":{"a":0,"k":[0,0]},"s":{"a":0,"k":[100,100]},"r":{"a":0,"k":0},"o":{"a":0,"k":100},"sk":{"a":0,"k":0},"sa":{"a":0,"k":0}}],"bm":0}],"ip":0,"op":750,"st":0,"bm":0}],"markers":[]}