{"v":"5.6.6","ip":0,"op":80,"fr":60,"w":24,"h":24,"layers":[{"ind":1047,"nm":"surface4276","ao":0,"ip":0,"op":80,"st":0,"ty":4,"ks":{"ty":"tr","o":{"k":100},"r":{"k":0},"p":{"a":0,"k":[0,0,0],"ix":2},"a":{"k":[0,0]},"s":{"k":[133.33,133.33]},"sk":{"k":0},"sa":{"k":0}},"shapes":[{"ty":"gr","hd":false,"nm":"surface4276","it":[{"ty":"gr","hd":false,"it":[{"ty":"sh","ks":{"k":{"i":[[0,0],[0,0],[0,0],[0,0],[0,0],[0,0]],"o":[[0,0],[0,0],[0,0],[0,0],[0,0],[0,0]],"v":[[11.9,7.15],[12.1,6.95],[16.06,2.99],[14.99,1.93],[11.04,5.89],[10.84,6.08]],"c":true}}},{"ty":"fl","o":{"k":100},"c":{"k":[0.89,0.89,0.89]}},{"ty":"tr","o":{"k":100},"r":{"k":0},"p":{"k":[0,0]},"a":{"k":[0,0]},"s":{"k":[100,100]},"sk":{"k":0},"sa":{"k":0},"hd":false}]},{"ty":"gr","hd":false,"it":[{"ty":"sh","ks":{"k":{"i":[[0,0],[0,0],[0,0],[0,0],[0,0],[0,0],[0.2,-0.36],[0,0],[-0.2,-0.46],[-0.15,0],[-0.24,-0.23],[0,-0.34],[0,0],[0.26,0.29]],"o":[[0,0],[0,0],[0,0],[0,0],[0,0],[-0.28,-0.29],[0,0],[0.5,0.08],[0.14,-0.06],[0.34,0],[0.24,0.24],[0,0],[0.38,-0.2],[0,0]],"v":[[12.75,7.57],[12.12,6.95],[11.93,7.14],[10.85,6.08],[11.04,5.89],[10.46,5.3],[9.59,5.54],[8.71,6.97],[9.83,7.84],[10.28,7.74],[11.18,8.11],[11.54,9],[12.48,8.45],[12.75,7.57]],"c":true}}},{"ty":"fl","o":{"k":100},"c":{"k":[0.89,0.89,0.89]}},{"ty":"tr","o":{"k":100},"r":{"k":0},"p":{"k":[0,0]},"a":{"k":[0,0]},"s":{"k":[100,100]},"sk":{"k":0},"sa":{"k":0},"hd":false}]},{"ty":"gr","hd":false,"it":[{"ty":"sh","ks":{"k":{"i":[[0,0],[0,0],[0,0],[1.24,0],[0,1.24],[0,0],[0,0],[0,0],[0,0],[0,0],[0,-0.83],[0,0],[-0.28,-0.28],[-0.4,0],[0,0],[-0.28,0.28],[0,0.4],[0,0]],"o":[[0,0],[0,0],[0,1.24],[-1.24,0],[0,0],[0,0],[0,0],[0,0],[0,0],[-0.83,0],[0,0],[0,0.4],[0.28,0.28],[0,0],[0.4,0],[0.28,-0.28],[0,0],[0,0]],"v":[[14.25,6.93],[14.25,11.25],[11.25,11.25],[9,13.5],[6.75,11.25],[3.75,11.25],[3.75,3.75],[11.08,3.75],[12.58,2.25],[3.75,2.25],[2.25,3.75],[2.25,14.25],[2.69,15.31],[3.75,15.75],[14.25,15.75],[15.31,15.31],[15.75,14.25],[15.75,5.43]],"c":true}}},{"ty":"fl","o":{"k":100},"c":{"k":[0.89,0.89,0.89]}},{"ty":"tr","o":{"k":100},"r":{"k":0},"p":{"k":[0,0]},"a":{"k":[0,0]},"s":{"k":[100,100]},"sk":{"k":0},"sa":{"k":0},"hd":false}]},{"ty":"gr","hd":false,"it":[{"ty":"sh","ks":{"k":{"i":[[0,0],[0,1],[0,-1]],"o":[[0,1],[0,-1],[0,0]],"v":[[6.78,8.99],[5.28,8.99],[6.78,8.99]],"c":false}}},{"ty":"fl","o":{"k":100},"c":{"k":[0.89,0.89,0.89]}},{"ty":"tr","o":{"k":100},"r":{"k":0},"p":{"k":[0,0]},"a":{"k":[0,0]},"s":{"k":[100,100]},"sk":{"k":0},"sa":{"k":0},"hd":false}]},{"ty":"gr","hd":false,"it":[{"ty":"sh","ks":{"k":{"i":[[0,0],[0,1],[0,-1]],"o":[[0,1],[0,-1],[0,0]],"v":[[9.03,8.99],[7.53,8.99],[9.03,8.99]],"c":false}}},{"ty":"fl","o":{"k":100},"c":{"k":[0.89,0.89,0.89]}},{"ty":"tr","o":{"k":100},"r":{"k":0},"p":{"k":[0,0]},"a":{"k":[0,0]},"s":{"k":[100,100]},"sk":{"k":0},"sa":{"k":0},"hd":false}]},{"ty":"gr","hd":false,"it":[{"ty":"sh","ks":{"k":{"i":[[0,0],[0,1],[0,-1]],"o":[[0,1],[0,-1],[0,0]],"v":[[7.91,6.74],[6.41,6.74],[7.91,6.74]],"c":false}}},{"ty":"fl","o":{"k":100},"c":{"k":[0.89,0.89,0.89]}},{"ty":"tr","o":{"k":100},"r":{"k":0},"p":{"k":[0,0]},"a":{"k":[0,0]},"s":{"k":[100,100]},"sk":{"k":0},"sa":{"k":0},"hd":false}]},{"ty":"tr","o":{"k":100},"r":{"k":0},"p":{"k":[0,0]},"a":{"k":[0,0]},"s":{"k":[100,100]},"sk":{"k":0},"sa":{"k":0},"hd":false}]},{"ty":"tm","s":{"a":0,"k":0,"ix":1},"e":{"a":1,"k":[{"i":{"x":[0.35],"y":[1]},"o":{"x":[0.17],"y":[0.17]},"t":0,"s":[25]},{"t":55,"s":[100]}],"ix":2},"o":{"a":0,"k":0,"ix":3},"m":1,"ix":2,"nm":"Trim Paths 1","mn":"ADBE Vector Filter - Trim","hd":false}]}],"meta":{"g":"LF SVG to Lottie"}}