{"ddd":0,"h":930,"w":900,"meta":{"g":"@lottiefiles/toolkit-js 0.26.1"},"layers":[{"ty":0,"sr":1,"st":0,"op":300,"ip":0,"ddd":0,"bm":0,"hasMask":false,"ao":0,"ks":{"a":{"a":0,"k":[540,465,0]},"s":{"a":0,"k":[185,185,100]},"sk":{"a":0,"k":0},"p":{"a":0,"k":[445,547,0]},"r":{"a":0,"k":0},"sa":{"a":0,"k":0},"o":{"a":0,"k":100}},"ef":[],"w":1080,"h":930,"refId":"comp_0","ind":1}],"v":"5.9.0","fr":60,"op":196,"ip":60,"assets":[{"id":"comp_0","fr":60,"layers":[{"ty":4,"sr":1,"st":0,"op":300,"ip":0,"ddd":0,"bm":0,"hasMask":false,"ao":0,"ks":{"a":{"a":0,"k":[0,0,0]},"s":{"a":0,"k":[80,80,100]},"sk":{"a":0,"k":0},"p":{"s":true,"x":{"a":1,"k":[{"o":{"x":0.01,"y":-0.07},"i":{"x":0.99,"y":1},"s":[424.26],"t":60},{"o":{"x":0.01,"y":-0.03},"i":{"x":0.99,"y":0.89},"s":[533.26],"t":105},{"o":{"x":0.01,"y":0.32},"i":{"x":0.99,"y":1.08},"s":[639.26],"t":150},{"s":[424.26],"t":195}]},"y":{"a":1,"k":[{"o":{"x":0.01,"y":1.84},"i":{"x":0.99,"y":2.12},"s":[545.69],"t":60},{"o":{"x":0.01,"y":1.47},"i":{"x":0.99,"y":2.68},"s":[439.69],"t":105},{"o":{"x":0.01,"y":-1.54},"i":{"x":0.99,"y":0.34},"s":[332.94],"t":150},{"s":[545.69],"t":195}]},"z":{"a":0,"k":0}},"r":{"a":0,"k":0},"sa":{"a":0,"k":0},"o":{"a":0,"k":100}},"ef":[],"shapes":[{"ty":"gr","bm":0,"it":[{"ty":"sh","bm":0,"d":1,"ks":{"a":0,"k":{"c":true,"i":[[0,-16.73],[16.73,0],[0,16.73],[-16.73,0]],"o":[[0,16.73],[-16.73,0],[0,-16.73],[16.73,0]],"v":[[30.29,0],[0,30.29],[-30.29,0],[0,-30.29]]}}},{"ty":"st","bm":0,"lc":1,"lj":1,"ml":10,"o":{"a":0,"k":100},"w":{"a":0,"k":6},"c":{"a":0,"k":[0.102,0.102,0.102]}},{"ty":"fl","bm":0,"c":{"a":0,"k":[0.89,0.89,0.89]},"r":1,"o":{"a":0,"k":100}},{"ty":"tr","a":{"a":0,"k":[0,0]},"s":{"a":0,"k":[100,100]},"sk":{"a":0,"k":0},"p":{"a":0,"k":[0,0]},"r":{"a":0,"k":0},"sa":{"a":0,"k":0},"o":{"a":0,"k":100}}]}],"ind":1},{"ty":4,"sr":1,"st":0,"op":300,"ip":0,"ddd":0,"bm":0,"hasMask":false,"ao":0,"ks":{"a":{"a":0,"k":[434.04,735.62,0]},"s":{"a":0,"k":[100,100,100]},"sk":{"a":0,"k":0},"p":{"a":1,"k":[{"o":{"x":0.33,"y":0},"i":{"x":0.67,"y":1},"s":[434.04,573.62,0],"t":60,"ti":[0,0,0],"to":[0,0,0]},{"o":{"x":0.33,"y":0},"i":{"x":0.67,"y":1},"s":[434.04,578.62,0],"t":64,"ti":[0,0,0],"to":[0,0,0]},{"s":[434.04,573.62,0],"t":69}]},"r":{"a":1,"k":[{"o":{"x":0.33,"y":0},"i":{"x":0.67,"y":1},"s":[0],"t":60},{"o":{"x":0.33,"y":0},"i":{"x":0.67,"y":1},"s":[2],"t":63},{"o":{"x":0.33,"y":0},"i":{"x":0.83,"y":1},"s":[-2],"t":66},{"s":[0],"t":69}]},"sa":{"a":0,"k":0},"o":{"a":0,"k":100}},"ef":[],"shapes":[{"ty":"gr","bm":0,"it":[{"ty":"sh","bm":0,"d":1,"ks":{"a":0,"k":{"c":false,"i":[[0,0],[0,0],[0,0]],"o":[[0,0],[0,0],[0,0]],"v":[[42.68,-44.54],[42.68,2.4],[-42.68,44.54]]}}},{"ty":"st","bm":0,"lc":2,"lj":2,"ml":1,"o":{"a":0,"k":100},"w":{"a":0,"k":6},"c":{"a":0,"k":[0.102,0.102,0.102]}},{"ty":"tr","a":{"a":0,"k":[0,0]},"s":{"a":0,"k":[100,100]},"sk":{"a":0,"k":0},"p":{"a":0,"k":[519.83,780.61]},"r":{"a":0,"k":0},"sa":{"a":0,"k":0},"o":{"a":0,"k":100}}]},{"ty":"gr","bm":0,"it":[{"ty":"sh","bm":0,"d":1,"ks":{"a":0,"k":{"c":false,"i":[[0,0],[0,0],[0,0],[0,0]],"o":[[0,0],[0,0],[0,0],[0,0]],"v":[[-85.79,-66.34],[-85.79,-22.29],[85.79,66.34],[85.79,19.93]]}}},{"ty":"st","bm":0,"lc":2,"lj":2,"ml":1,"o":{"a":0,"k":100},"w":{"a":0,"k":6},"c":{"a":0,"k":[0.102,0.102,0.102]}},{"ty":"tr","a":{"a":0,"k":[0,0]},"s":{"a":0,"k":[100,100]},"sk":{"a":0,"k":0},"p":{"a":0,"k":[391.36,758.81]},"r":{"a":0,"k":0},"sa":{"a":0,"k":0},"o":{"a":0,"k":100}}]},{"ty":"gr","bm":0,"it":[{"ty":"sh","bm":0,"d":1,"ks":{"a":0,"k":{"c":true,"i":[[0,0],[0,0],[0,0],[0,0]],"o":[[0,0],[0,0],[0,0],[0,0]],"v":[[-41.28,-66.32],[-128.47,-19.94],[44.06,66.32],[128.47,23.65]]}}},{"ty":"st","bm":0,"lc":2,"lj":2,"ml":1,"o":{"a":0,"k":100},"w":{"a":0,"k":6},"c":{"a":0,"k":[0.102,0.102,0.102]}},{"ty":"tr","a":{"a":0,"k":[0,0]},"s":{"a":0,"k":[100,100]},"sk":{"a":0,"k":0},"p":{"a":0,"k":[434.04,712.42]},"r":{"a":0,"k":0},"sa":{"a":0,"k":0},"o":{"a":0,"k":100}}]}],"ind":2},{"ty":4,"sr":1,"st":0,"op":300,"ip":0,"ddd":0,"bm":0,"hasMask":false,"ao":0,"ks":{"a":{"a":0,"k":[540,629.53,0]},"s":{"a":0,"k":[100,100,100]},"sk":{"a":0,"k":0},"p":{"a":1,"k":[{"o":{"x":0.33,"y":0},"i":{"x":0.67,"y":1},"s":[540,467.53,0],"t":105,"ti":[0,0,0],"to":[0,0.83,0]},{"o":{"x":0.33,"y":0},"i":{"x":0.67,"y":1},"s":[540,472.53,0],"t":110,"ti":[0,0.83,0],"to":[0,0,0]},{"s":[540,467.53,0],"t":114}]},"r":{"a":1,"k":[{"o":{"x":0.33,"y":0},"i":{"x":0.67,"y":1},"s":[0],"t":105},{"o":{"x":0.33,"y":0},"i":{"x":0.67,"y":1},"s":[2],"t":108},{"o":{"x":0.33,"y":0},"i":{"x":0.83,"y":1},"s":[-2],"t":111},{"s":[0],"t":114}]},"sa":{"a":0,"k":0},"o":{"a":0,"k":100}},"ef":[],"shapes":[{"ty":"gr","bm":0,"it":[{"ty":"sh","bm":0,"d":1,"ks":{"a":0,"k":{"c":false,"i":[[0,0],[0,0],[0,0]],"o":[[0,0],[0,0],[0,0]],"v":[[42.68,-44.54],[42.68,2.4],[-42.68,44.54]]}}},{"ty":"st","bm":0,"lc":2,"lj":2,"ml":1,"o":{"a":0,"k":100},"w":{"a":0,"k":6},"c":{"a":0,"k":[0.102,0.102,0.102]}},{"ty":"tr","a":{"a":0,"k":[0,0]},"s":{"a":0,"k":[100,100]},"sk":{"a":0,"k":0},"p":{"a":0,"k":[625.79,674.52]},"r":{"a":0,"k":0},"sa":{"a":0,"k":0},"o":{"a":0,"k":100}}]},{"ty":"gr","bm":0,"it":[{"ty":"sh","bm":0,"d":1,"ks":{"a":0,"k":{"c":false,"i":[[0,0],[0,0],[0,0],[0,0]],"o":[[0,0],[0,0],[0,0],[0,0]],"v":[[-85.79,-66.34],[-85.79,-22.29],[85.79,66.34],[85.79,19.93]]}}},{"ty":"st","bm":0,"lc":2,"lj":2,"ml":1,"o":{"a":0,"k":100},"w":{"a":0,"k":6},"c":{"a":0,"k":[0.102,0.102,0.102]}},{"ty":"tr","a":{"a":0,"k":[0,0]},"s":{"a":0,"k":[100,100]},"sk":{"a":0,"k":0},"p":{"a":0,"k":[497.32,652.72]},"r":{"a":0,"k":0},"sa":{"a":0,"k":0},"o":{"a":0,"k":100}}]},{"ty":"gr","bm":0,"it":[{"ty":"sh","bm":0,"d":1,"ks":{"a":0,"k":{"c":true,"i":[[0,0],[0,0],[0,0],[0,0]],"o":[[0,0],[0,0],[0,0],[0,0]],"v":[[-41.28,-66.32],[-128.47,-19.94],[44.06,66.32],[128.47,23.65]]}}},{"ty":"st","bm":0,"lc":2,"lj":2,"ml":1,"o":{"a":0,"k":100},"w":{"a":0,"k":6},"c":{"a":0,"k":[0.102,0.102,0.102]}},{"ty":"tr","a":{"a":0,"k":[0,0]},"s":{"a":0,"k":[100,100]},"sk":{"a":0,"k":0},"p":{"a":0,"k":[540,606.32]},"r":{"a":0,"k":0},"sa":{"a":0,"k":0},"o":{"a":0,"k":100}}]}],"ind":3},{"ty":4,"sr":1,"st":0,"op":300,"ip":0,"ddd":0,"bm":0,"hasMask":false,"ao":0,"ks":{"a":{"a":0,"k":[645.96,531.94,0]},"s":{"a":0,"k":[100,100,100]},"sk":{"a":0,"k":0},"p":{"a":1,"k":[{"o":{"x":0.33,"y":0},"i":{"x":0.67,"y":1},"s":[649.96,363.94,0],"t":150,"ti":[0,0,0],"to":[0,0.83,0]},{"o":{"x":0.33,"y":0},"i":{"x":0.67,"y":1},"s":[649.96,368.94,0],"t":155,"ti":[0,0.83,0],"to":[0,0,0]},{"s":[649.96,363.94,0],"t":159}]},"r":{"a":1,"k":[{"o":{"x":0.33,"y":0},"i":{"x":0.67,"y":1},"s":[0],"t":150},{"o":{"x":0.33,"y":0},"i":{"x":0.67,"y":1},"s":[2],"t":153},{"o":{"x":0.33,"y":0},"i":{"x":0.83,"y":1},"s":[-2],"t":156},{"s":[0],"t":159}]},"sa":{"a":0,"k":0},"o":{"a":0,"k":100}},"ef":[],"shapes":[{"ty":"gr","bm":0,"it":[{"ty":"sh","bm":0,"d":1,"ks":{"a":0,"k":{"c":false,"i":[[0,0],[0,0],[0,0]],"o":[[0,0],[0,0],[0,0]],"v":[[42.68,-44.54],[42.68,2.4],[-42.68,44.54]]}}},{"ty":"st","bm":0,"lc":2,"lj":2,"ml":1,"o":{"a":0,"k":100},"w":{"a":0,"k":6},"c":{"a":0,"k":[0.102,0.102,0.102]}},{"ty":"tr","a":{"a":0,"k":[0,0]},"s":{"a":0,"k":[100,100]},"sk":{"a":0,"k":0},"p":{"a":0,"k":[731.75,576.93]},"r":{"a":0,"k":0},"sa":{"a":0,"k":0},"o":{"a":0,"k":100}}]},{"ty":"gr","bm":0,"it":[{"ty":"sh","bm":0,"d":1,"ks":{"a":0,"k":{"c":false,"i":[[0,0],[0,0],[0,0],[0,0]],"o":[[0,0],[0,0],[0,0],[0,0]],"v":[[-85.79,-66.34],[-85.79,-22.29],[85.79,66.34],[85.79,19.93]]}}},{"ty":"st","bm":0,"lc":2,"lj":2,"ml":1,"o":{"a":0,"k":100},"w":{"a":0,"k":6},"c":{"a":0,"k":[0.102,0.102,0.102]}},{"ty":"tr","a":{"a":0,"k":[0,0]},"s":{"a":0,"k":[100,100]},"sk":{"a":0,"k":0},"p":{"a":0,"k":[603.28,555.13]},"r":{"a":0,"k":0},"sa":{"a":0,"k":0},"o":{"a":0,"k":100}}]},{"ty":"gr","bm":0,"it":[{"ty":"sh","bm":0,"d":1,"ks":{"a":0,"k":{"c":true,"i":[[0,0],[0,0],[0,0],[0,0]],"o":[[0,0],[0,0],[0,0],[0,0]],"v":[[-41.28,-66.32],[-128.47,-19.94],[44.06,66.32],[128.47,23.65]]}}},{"ty":"st","bm":0,"lc":2,"lj":2,"ml":1,"o":{"a":0,"k":100},"w":{"a":0,"k":6},"c":{"a":0,"k":[0.102,0.102,0.102]}},{"ty":"tr","a":{"a":0,"k":[0,0]},"s":{"a":0,"k":[100,100]},"sk":{"a":0,"k":0},"p":{"a":0,"k":[645.96,508.74]},"r":{"a":0,"k":0},"sa":{"a":0,"k":0},"o":{"a":0,"k":100}}]}],"ind":4}]}]}