{"ddd":0,"h":620,"w":620,"meta":{"g":"LottieFiles AE 1.1.0"},"layers":[{"ty":5,"sr":1,"st":0,"op":100,"ip":0,"ddd":0,"bm":0,"hasMask":false,"ao":0,"ks":{"a":{"a":0,"k":[0,0,0]},"s":{"a":1,"k":[{"o":{"x":0.33,"y":0},"i":{"x":0.67,"y":1},"s":[0,0,100],"t":6},{"s":[100,100,100],"t":10}]},"sk":{"a":0,"k":0},"p":{"a":0,"k":[347.5,272.75,0]},"r":{"a":0,"k":0},"sa":{"a":0,"k":0},"o":{"a":1,"k":[{"o":{"x":0.33,"y":0},"i":{"x":0.67,"y":1},"s":[0],"t":6},{"s":[100],"t":10}]}},"ef":[],"t":{"m":{"a":{"a":0,"k":[0,0]},"g":1},"p":{},"a":[],"d":{"k":[{"s":{"f":"Arial-Black","s":33,"t":"!","fc":[0.89,0.89,0.89],"lh":39.6,"tr":0,"j":0,"ca":0},"t":0}]}},"ind":1},{"ty":4,"sr":1,"st":0,"op":100,"ip":0,"ddd":0,"bm":0,"hasMask":false,"ao":0,"ks":{"a":{"a":0,"k":[-114.59,0.2,0]},"s":{"a":1,"k":[{"o":{"x":0.33,"y":0},"i":{"x":0.67,"y":1},"s":[0,0,100],"t":6},{"o":{"x":0.33,"y":0},"i":{"x":0.67,"y":1},"s":[160,160,100],"t":10},{"o":{"x":0.33,"y":0},"i":{"x":0.67,"y":1},"s":[138,138,100],"t":12},{"o":{"x":0.33,"y":0},"i":{"x":0.67,"y":1},"s":[154,154,100],"t":15},{"o":{"x":0.33,"y":0},"i":{"x":0.67,"y":1},"s":[147,147,100],"t":18},{"s":[156,156,100],"t":20}]},"sk":{"a":0,"k":0},"p":{"a":0,"k":[353,262,0]},"r":{"a":0,"k":-1.98},"sa":{"a":0,"k":0},"o":{"a":0,"k":100}},"ef":[],"shapes":[{"ty":"gr","bm":0,"it":[{"ty":"el","bm":0,"d":1,"p":{"a":0,"k":[0,0]},"s":{"a":0,"k":[29.62,29.62]}},{"ty":"fl","bm":0,"c":{"a":0,"k":[0.102,0.102,0.102]},"r":1,"o":{"a":0,"k":100}},{"ty":"tr","a":{"a":0,"k":[0,0]},"s":{"a":0,"k":[100,100]},"sk":{"a":0,"k":0},"p":{"a":0,"k":[-114.69,-0.19]},"r":{"a":0,"k":0},"sa":{"a":0,"k":0},"o":{"a":0,"k":100}}]}],"ind":2},{"ty":4,"sr":1,"st":0,"op":100,"ip":0,"ddd":0,"bm":0,"hasMask":false,"ao":0,"ks":{"a":{"a":0,"k":[83.5,12,0]},"s":{"a":0,"k":[100,100,100]},"sk":{"a":0,"k":0},"p":{"a":0,"k":[310,248,0]},"r":{"a":1,"k":[{"o":{"x":0.33,"y":0},"i":{"x":0.67,"y":1},"s":[0],"t":0},{"o":{"x":0.33,"y":0},"i":{"x":0.67,"y":1},"s":[-10],"t":7},{"o":{"x":0.33,"y":0},"i":{"x":0.67,"y":1},"s":[10],"t":19},{"s":[0],"t":25}]},"sa":{"a":0,"k":0},"o":{"a":0,"k":100}},"ef":[],"shapes":[{"ty":"gr","bm":0,"it":[{"ty":"sh","bm":0,"d":1,"ks":{"a":0,"k":{"c":true,"i":[[2.58,1.49],[0,0],[0,0],[0,0],[0,0],[32.74,0],[0,-32.74],[0,0],[0,0],[0,0],[0,-2.9],[0,0],[-3.76,0],[0,0],[0,3.76],[0,0]],"o":[[0,0],[0,0],[0,0],[0,0],[0,-32.74],[-32.74,0],[0,0],[0,0],[0,0],[-2.48,1.52],[0,0],[0,3.76],[0,0],[3.76,0],[0,0],[0,-2.98]],"v":[[71.61,46.09],[59.28,38.94],[59.28,38.65],[59.28,36.21],[59.28,-7.02],[0,-66.3],[-59.28,-7.02],[-59.28,36.21],[-59.28,38.65],[-71.79,46.19],[-75.78,53.31],[-75.78,59.5],[-68.97,66.3],[68.97,66.3],[75.78,59.5],[75.78,53.31]]}}},{"ty":"st","bm":0,"lc":1,"lj":1,"ml":10,"o":{"a":0,"k":100},"w":{"a":0,"k":8},"c":{"a":0,"k":[0.8902,0.8902,0.8902]}},{"ty":"fl","bm":0,"c":{"a":0,"k":[0.8902,0.8902,0.8902]},"r":1,"o":{"a":0,"k":100}},{"ty":"tr","a":{"a":0,"k":[0,0]},"s":{"a":0,"k":[100,100]},"sk":{"a":0,"k":0},"p":{"a":0,"k":[83.28,73.8]},"r":{"a":0,"k":0},"sa":{"a":0,"k":0},"o":{"a":0,"k":100}}]}],"ind":3},{"ty":4,"sr":1,"st":0,"op":100,"ip":0,"ddd":0,"bm":0,"hasMask":false,"ao":0,"ks":{"a":{"a":0,"k":[23.5,-109.5,0]},"s":{"a":0,"k":[100,100,100]},"sk":{"a":0,"k":0},"p":{"a":0,"k":[310,245,0]},"r":{"a":1,"k":[{"o":{"x":0.33,"y":0},"i":{"x":0.67,"y":1},"s":[0],"t":0},{"o":{"x":0.33,"y":0},"i":{"x":0.67,"y":1},"s":[-10],"t":10},{"o":{"x":0.33,"y":0},"i":{"x":0.67,"y":1},"s":[10],"t":19},{"s":[0],"t":28}]},"sa":{"a":0,"k":0},"o":{"a":0,"k":100}},"ef":[],"shapes":[{"ty":"gr","bm":0,"it":[{"ty":"sh","bm":0,"d":1,"ks":{"a":0,"k":{"c":true,"i":[[0,-11.38],[11.38,0],[0,11.38],[-11.38,0]],"o":[[0,11.38],[-11.38,0],[0,-11.38],[11.38,0]],"v":[[20.61,0],[0,20.61],[-20.61,0],[0,-20.61]]}}},{"ty":"fl","bm":0,"c":{"a":0,"k":[0.8902,0.8902,0.8902]},"r":1,"o":{"a":0,"k":100}},{"ty":"tr","a":{"a":0,"k":[0,0]},"s":{"a":0,"k":[100,100]},"sk":{"a":0,"k":0},"p":{"a":0,"k":[23.11,23.11]},"r":{"a":0,"k":0},"sa":{"a":0,"k":0},"o":{"a":0,"k":100}}]}],"ind":4},{"ty":4,"sr":1,"st":0,"op":100,"ip":0,"ddd":0,"bm":0,"hasMask":false,"ao":0,"ks":{"a":{"a":0,"k":[14.5,14.5,0]},"s":{"a":0,"k":[100,100,100]},"sk":{"a":0,"k":0},"p":{"a":0,"k":[310,240,0]},"r":{"a":0,"k":0},"sa":{"a":0,"k":0},"o":{"a":0,"k":100}},"ef":[],"shapes":[{"ty":"gr","bm":0,"it":[{"ty":"sh","bm":0,"d":1,"ks":{"a":0,"k":{"c":true,"i":[[0,-6.56],[6.56,0],[0,6.56],[-6.56,0]],"o":[[0,6.56],[-6.56,0],[0,-6.56],[6.56,0]],"v":[[11.88,0],[0,11.88],[-11.88,0],[0,-11.88]]}}},{"ty":"st","bm":0,"lc":1,"lj":1,"ml":10,"o":{"a":0,"k":100},"w":{"a":0,"k":1.04},"c":{"a":0,"k":[0.8902,0.8902,0.8902]}},{"ty":"fl","bm":0,"c":{"a":0,"k":[0.8902,0.8902,0.8902]},"r":1,"o":{"a":0,"k":100}},{"ty":"tr","a":{"a":0,"k":[0,0]},"s":{"a":0,"k":[100,100]},"sk":{"a":0,"k":0},"p":{"a":0,"k":[14.48,14.48]},"r":{"a":0,"k":0},"sa":{"a":0,"k":0},"o":{"a":0,"k":100}}]}],"ind":5}],"v":"4.8.0","fr":25,"op":100,"ip":0,"fonts":{"list":[{"ascent":71.6,"fClass":"","fFamily":"Arial Black","fStyle":"Regular","fName":"Arial-Black","fPath":"","fWeight":"","origin":0}]},"chars":[{"ch":"!","fFamily":"Arial Black","size":33,"style":"Regular","w":33.3,"data":{"shapes":[{"ty":"gr","bm":0,"it":[{"ty":"sh","bm":0,"d":1,"ks":{"a":0,"k":{"c":true,"i":[[0,0],[0,0],[0,0],[0,0],[0,0],[0,0]],"o":[[0,0],[0,0],[0,0],[0,0],[0,0],[0,0]],"v":[[6.06,-55.27],[10.06,-22.51],[23.19,-22.51],[27.3,-55.27],[27.3,-71.58],[6.06,-71.58]]}}},{"ty":"sh","bm":0,"d":1,"ks":{"a":0,"k":{"c":true,"i":[[0,0],[0,0],[0,0],[0,0]],"o":[[0,0],[0,0],[0,0],[0,0]],"v":[[6.79,0],[26.61,0],[26.61,-17.53],[6.79,-17.53]]}}}]}]}}],"assets":[]}