{"ddd":0,"h":930,"w":1080,"meta":{"g":"@lottiefiles/toolkit-js 0.26.1"},"layers":[{"ty":0,"sr":1,"st":0,"op":300,"ip":0,"ddd":0,"bm":0,"hasMask":false,"ao":0,"ks":{"a":{"a":0,"k":[540,540,0]},"s":{"a":0,"k":[155,155,100]},"sk":{"a":0,"k":0},"p":{"a":0,"k":[538,305,0]},"r":{"a":0,"k":0},"sa":{"a":0,"k":0},"o":{"a":0,"k":100}},"ef":[],"w":1080,"h":1080,"refId":"comp_0","ind":1}],"v":"5.9.0","fr":60,"op":151,"ip":60,"assets":[{"id":"comp_0","fr":60,"layers":[{"ty":4,"sr":1,"st":101,"op":207,"ip":105,"ddd":0,"bm":0,"hasMask":false,"ao":0,"ks":{"a":{"a":0,"k":[0,0,0]},"s":{"a":0,"k":[100,100,100]},"sk":{"a":0,"k":0},"p":{"a":1,"k":[{"o":{"x":0.7,"y":0},"i":{"x":0.3,"y":1},"s":[527.76,599.69,0],"t":105,"ti":[24.12,-22.74,0],"to":[-18.16,17.94,0]},{"s":[422.76,706.69,0],"t":150}]},"r":{"a":0,"k":0},"sa":{"a":0,"k":0},"o":{"a":0,"k":100}},"ef":[],"shapes":[{"ty":"gr","bm":0,"it":[{"ty":"sh","bm":0,"d":1,"ks":{"a":0,"k":{"c":true,"i":[[0,-16.73],[16.73,0],[0,16.73],[-16.73,0]],"o":[[0,16.73],[-16.73,0],[0,-16.73],[16.73,0]],"v":[[30.29,0],[0,30.29],[-30.29,0],[0,-30.29]]}}},{"ty":"st","bm":0,"lc":1,"lj":1,"ml":10,"o":{"a":0,"k":100},"w":{"a":0,"k":6},"c":{"a":0,"k":[0.102,0.102,0.102]}},{"ty":"fl","bm":0,"c":{"a":0,"k":[0.89,0.89,0.89]},"r":1,"o":{"a":0,"k":100}},{"ty":"tr","a":{"a":0,"k":[0,0]},"s":{"a":0,"k":[100,100]},"sk":{"a":0,"k":0},"p":{"a":0,"k":[0,0]},"r":{"a":0,"k":0},"sa":{"a":0,"k":0},"o":{"a":0,"k":100}}]}],"ind":1},{"ty":4,"sr":1,"st":0,"op":106,"ip":0,"ddd":0,"bm":0,"hasMask":false,"ao":0,"ks":{"a":{"a":0,"k":[0,0,0]},"s":{"a":0,"k":[100,100,100]},"sk":{"a":0,"k":0},"p":{"s":true,"x":{"a":1,"k":[{"o":{"x":0.01,"y":0.06},"i":{"x":0.99,"y":1.01},"s":[422.76],"t":60},{"s":[527.76],"t":105}]},"y":{"a":1,"k":[{"o":{"x":0.02,"y":2.37},"i":{"x":0.98,"y":2.18},"s":[706.69],"t":60},{"s":[599.69],"t":105}]},"z":{"a":0,"k":0}},"r":{"a":0,"k":0},"sa":{"a":0,"k":0},"o":{"a":0,"k":100}},"ef":[],"shapes":[{"ty":"gr","bm":0,"it":[{"ty":"sh","bm":0,"d":1,"ks":{"a":0,"k":{"c":true,"i":[[0,-16.73],[16.73,0],[0,16.73],[-16.73,0]],"o":[[0,16.73],[-16.73,0],[0,-16.73],[16.73,0]],"v":[[30.29,0],[0,30.29],[-30.29,0],[0,-30.29]]}}},{"ty":"st","bm":0,"lc":1,"lj":1,"ml":10,"o":{"a":0,"k":100},"w":{"a":0,"k":6},"c":{"a":0,"k":[0.102,0.102,0.102]}},{"ty":"fl","bm":0,"c":{"a":0,"k":[0.89,0.89,0.89]},"r":1,"o":{"a":0,"k":100}},{"ty":"tr","a":{"a":0,"k":[0,0]},"s":{"a":0,"k":[100,100]},"sk":{"a":0,"k":0},"p":{"a":0,"k":[0,0]},"r":{"a":0,"k":0},"sa":{"a":0,"k":0},"o":{"a":0,"k":100}}]}],"ind":2},{"ty":4,"sr":1,"st":0,"op":300,"ip":0,"ddd":0,"bm":0,"hasMask":false,"ao":0,"ks":{"a":{"a":0,"k":[434.04,735.62,0]},"s":{"a":0,"k":[100,100,100]},"sk":{"a":0,"k":0},"p":{"a":1,"k":[{"o":{"x":0.7,"y":0},"i":{"x":0.3,"y":1},"s":[434.04,735.62,0],"t":105,"ti":[18.83,-19,0],"to":[-18.83,19,0]},{"s":[321.04,849.62,0],"t":150}]},"r":{"a":0,"k":0},"sa":{"a":0,"k":0},"o":{"a":1,"k":[{"o":{"x":0.7,"y":0},"i":{"x":0.3,"y":1},"s":[100],"t":105},{"s":[0],"t":150}]}},"ef":[],"shapes":[{"ty":"gr","bm":0,"it":[{"ty":"sh","bm":0,"d":1,"ks":{"a":0,"k":{"c":false,"i":[[0,0],[0,0],[0,0]],"o":[[0,0],[0,0],[0,0]],"v":[[42.68,-44.54],[42.68,2.4],[-42.68,44.54]]}}},{"ty":"st","bm":0,"lc":2,"lj":2,"ml":1,"o":{"a":0,"k":100},"w":{"a":0,"k":6},"c":{"a":0,"k":[0.102,0.102,0.102]}},{"ty":"tr","a":{"a":0,"k":[0,0]},"s":{"a":0,"k":[100,100]},"sk":{"a":0,"k":0},"p":{"a":0,"k":[519.83,780.61]},"r":{"a":0,"k":0},"sa":{"a":0,"k":0},"o":{"a":0,"k":100}}]},{"ty":"gr","bm":0,"it":[{"ty":"sh","bm":0,"d":1,"ks":{"a":0,"k":{"c":false,"i":[[0,0],[0,0],[0,0],[0,0]],"o":[[0,0],[0,0],[0,0],[0,0]],"v":[[-85.79,-66.34],[-85.79,-22.29],[85.79,66.34],[85.79,19.93]]}}},{"ty":"st","bm":0,"lc":2,"lj":2,"ml":1,"o":{"a":0,"k":100},"w":{"a":0,"k":6},"c":{"a":0,"k":[0.102,0.102,0.102]}},{"ty":"tr","a":{"a":0,"k":[0,0]},"s":{"a":0,"k":[100,100]},"sk":{"a":0,"k":0},"p":{"a":0,"k":[391.36,758.81]},"r":{"a":0,"k":0},"sa":{"a":0,"k":0},"o":{"a":0,"k":100}}]},{"ty":"gr","bm":0,"it":[{"ty":"sh","bm":0,"d":1,"ks":{"a":0,"k":{"c":true,"i":[[0,0],[0,0],[0,0],[0,0]],"o":[[0,0],[0,0],[0,0],[0,0]],"v":[[-41.28,-66.32],[-128.47,-19.94],[44.06,66.32],[128.47,23.65]]}}},{"ty":"st","bm":0,"lc":2,"lj":2,"ml":1,"o":{"a":0,"k":100},"w":{"a":0,"k":6},"c":{"a":0,"k":[0.102,0.102,0.102]}},{"ty":"tr","a":{"a":0,"k":[0,0]},"s":{"a":0,"k":[100,100]},"sk":{"a":0,"k":0},"p":{"a":0,"k":[434.04,712.42]},"r":{"a":0,"k":0},"sa":{"a":0,"k":0},"o":{"a":0,"k":100}}]}],"ind":3},{"ty":4,"sr":1,"st":0,"op":300,"ip":0,"ddd":0,"bm":0,"hasMask":false,"ao":0,"ks":{"a":{"a":0,"k":[540,629.53,0]},"s":{"a":0,"k":[100,100,100]},"sk":{"a":0,"k":0},"p":{"a":1,"k":[{"o":{"x":0.7,"y":0},"i":{"x":0.3,"y":1},"s":[540,629.53,0],"t":105,"ti":[17.66,-17.68,0],"to":[-17.66,17.68,0]},{"s":[434.04,735.62,0],"t":150}]},"r":{"a":0,"k":0},"sa":{"a":0,"k":0},"o":{"a":0,"k":100}},"ef":[],"shapes":[{"ty":"gr","bm":0,"it":[{"ty":"sh","bm":0,"d":1,"ks":{"a":0,"k":{"c":false,"i":[[0,0],[0,0],[0,0]],"o":[[0,0],[0,0],[0,0]],"v":[[42.68,-44.54],[42.68,2.4],[-42.68,44.54]]}}},{"ty":"st","bm":0,"lc":2,"lj":2,"ml":1,"o":{"a":0,"k":100},"w":{"a":0,"k":6},"c":{"a":0,"k":[0.102,0.102,0.102]}},{"ty":"tr","a":{"a":0,"k":[0,0]},"s":{"a":0,"k":[100,100]},"sk":{"a":0,"k":0},"p":{"a":0,"k":[625.79,674.52]},"r":{"a":0,"k":0},"sa":{"a":0,"k":0},"o":{"a":0,"k":100}}]},{"ty":"gr","bm":0,"it":[{"ty":"sh","bm":0,"d":1,"ks":{"a":0,"k":{"c":false,"i":[[0,0],[0,0],[0,0],[0,0]],"o":[[0,0],[0,0],[0,0],[0,0]],"v":[[-85.79,-66.34],[-85.79,-22.29],[85.79,66.34],[85.79,19.93]]}}},{"ty":"st","bm":0,"lc":2,"lj":2,"ml":1,"o":{"a":0,"k":100},"w":{"a":0,"k":6},"c":{"a":0,"k":[0.102,0.102,0.102]}},{"ty":"tr","a":{"a":0,"k":[0,0]},"s":{"a":0,"k":[100,100]},"sk":{"a":0,"k":0},"p":{"a":0,"k":[497.32,652.72]},"r":{"a":0,"k":0},"sa":{"a":0,"k":0},"o":{"a":0,"k":100}}]},{"ty":"gr","bm":0,"it":[{"ty":"sh","bm":0,"d":1,"ks":{"a":0,"k":{"c":true,"i":[[0,0],[0,0],[0,0],[0,0]],"o":[[0,0],[0,0],[0,0],[0,0]],"v":[[-41.28,-66.32],[-128.47,-19.94],[44.06,66.32],[128.47,23.65]]}}},{"ty":"st","bm":0,"lc":2,"lj":2,"ml":1,"o":{"a":0,"k":100},"w":{"a":0,"k":6},"c":{"a":0,"k":[0.102,0.102,0.102]}},{"ty":"tr","a":{"a":0,"k":[0,0]},"s":{"a":0,"k":[100,100]},"sk":{"a":0,"k":0},"p":{"a":0,"k":[540,606.32]},"r":{"a":0,"k":0},"sa":{"a":0,"k":0},"o":{"a":0,"k":100}}]}],"ind":4},{"ty":4,"sr":1,"st":0,"op":300,"ip":0,"ddd":0,"bm":0,"hasMask":false,"ao":0,"ks":{"a":{"a":0,"k":[645.96,531.94,0]},"s":{"a":0,"k":[100,100,100]},"sk":{"a":0,"k":0},"p":{"a":1,"k":[{"o":{"x":0.7,"y":0},"i":{"x":0.3,"y":1},"s":[760,433.53,0],"t":105,"ti":[18.34,-15.4,0],"to":[-18.34,15.4,0]},{"s":[649.96,525.94,0],"t":150}]},"r":{"a":0,"k":0},"sa":{"a":0,"k":0},"o":{"a":1,"k":[{"o":{"x":0.7,"y":0},"i":{"x":0.3,"y":1},"s":[0],"t":105},{"s":[99],"t":150}]}},"ef":[],"shapes":[{"ty":"gr","bm":0,"it":[{"ty":"sh","bm":0,"d":1,"ks":{"a":0,"k":{"c":false,"i":[[0,0],[0,0],[0,0]],"o":[[0,0],[0,0],[0,0]],"v":[[42.68,-44.54],[42.68,2.4],[-42.68,44.54]]}}},{"ty":"st","bm":0,"lc":2,"lj":2,"ml":1,"o":{"a":0,"k":100},"w":{"a":0,"k":6},"c":{"a":0,"k":[0.102,0.102,0.102]}},{"ty":"tr","a":{"a":0,"k":[0,0]},"s":{"a":0,"k":[100,100]},"sk":{"a":0,"k":0},"p":{"a":0,"k":[731.75,576.93]},"r":{"a":0,"k":0},"sa":{"a":0,"k":0},"o":{"a":0,"k":100}}]},{"ty":"gr","bm":0,"it":[{"ty":"sh","bm":0,"d":1,"ks":{"a":0,"k":{"c":false,"i":[[0,0],[0,0],[0,0],[0,0]],"o":[[0,0],[0,0],[0,0],[0,0]],"v":[[-85.79,-66.34],[-85.79,-22.29],[85.79,66.34],[85.79,19.93]]}}},{"ty":"st","bm":0,"lc":2,"lj":2,"ml":1,"o":{"a":0,"k":100},"w":{"a":0,"k":6},"c":{"a":0,"k":[0.102,0.102,0.102]}},{"ty":"tr","a":{"a":0,"k":[0,0]},"s":{"a":0,"k":[100,100]},"sk":{"a":0,"k":0},"p":{"a":0,"k":[603.28,555.13]},"r":{"a":0,"k":0},"sa":{"a":0,"k":0},"o":{"a":0,"k":100}}]},{"ty":"gr","bm":0,"it":[{"ty":"sh","bm":0,"d":1,"ks":{"a":0,"k":{"c":true,"i":[[0,0],[0,0],[0,0],[0,0]],"o":[[0,0],[0,0],[0,0],[0,0]],"v":[[-41.28,-66.32],[-128.47,-19.94],[44.06,66.32],[128.47,23.65]]}}},{"ty":"st","bm":0,"lc":2,"lj":2,"ml":1,"o":{"a":0,"k":100},"w":{"a":0,"k":6},"c":{"a":0,"k":[0.102,0.102,0.102]}},{"ty":"tr","a":{"a":0,"k":[0,0]},"s":{"a":0,"k":[100,100]},"sk":{"a":0,"k":0},"p":{"a":0,"k":[645.96,508.74]},"r":{"a":0,"k":0},"sa":{"a":0,"k":0},"o":{"a":0,"k":100}}]}],"ind":5},{"ty":4,"sr":1,"st":0,"op":300,"ip":0,"ddd":0,"bm":0,"hasMask":false,"ao":0,"ks":{"a":{"a":0,"k":[645.96,531.94,0]},"s":{"a":0,"k":[100,100,100]},"sk":{"a":0,"k":0},"p":{"a":1,"k":[{"o":{"x":0.7,"y":0},"i":{"x":0.3,"y":1},"s":[649.96,525.94,0],"t":105,"ti":[18.33,-17.26,0],"to":[-18.33,17.26,0]},{"s":[540,629.53,0],"t":150}]},"r":{"a":0,"k":0},"sa":{"a":0,"k":0},"o":{"a":0,"k":100}},"ef":[],"shapes":[{"ty":"gr","bm":0,"it":[{"ty":"sh","bm":0,"d":1,"ks":{"a":0,"k":{"c":false,"i":[[0,0],[0,0],[0,0]],"o":[[0,0],[0,0],[0,0]],"v":[[42.68,-44.54],[42.68,2.4],[-42.68,44.54]]}}},{"ty":"st","bm":0,"lc":2,"lj":2,"ml":1,"o":{"a":0,"k":100},"w":{"a":0,"k":6},"c":{"a":0,"k":[0.102,0.102,0.102]}},{"ty":"tr","a":{"a":0,"k":[0,0]},"s":{"a":0,"k":[100,100]},"sk":{"a":0,"k":0},"p":{"a":0,"k":[731.75,576.93]},"r":{"a":0,"k":0},"sa":{"a":0,"k":0},"o":{"a":0,"k":100}}]},{"ty":"gr","bm":0,"it":[{"ty":"sh","bm":0,"d":1,"ks":{"a":0,"k":{"c":false,"i":[[0,0],[0,0],[0,0],[0,0]],"o":[[0,0],[0,0],[0,0],[0,0]],"v":[[-85.79,-66.34],[-85.79,-22.29],[85.79,66.34],[85.79,19.93]]}}},{"ty":"st","bm":0,"lc":2,"lj":2,"ml":1,"o":{"a":0,"k":100},"w":{"a":0,"k":6},"c":{"a":0,"k":[0.102,0.102,0.102]}},{"ty":"tr","a":{"a":0,"k":[0,0]},"s":{"a":0,"k":[100,100]},"sk":{"a":0,"k":0},"p":{"a":0,"k":[603.28,555.13]},"r":{"a":0,"k":0},"sa":{"a":0,"k":0},"o":{"a":0,"k":100}}]},{"ty":"gr","bm":0,"it":[{"ty":"sh","bm":0,"d":1,"ks":{"a":0,"k":{"c":true,"i":[[0,0],[0,0],[0,0],[0,0]],"o":[[0,0],[0,0],[0,0],[0,0]],"v":[[-41.28,-66.32],[-128.47,-19.94],[44.06,66.32],[128.47,23.65]]}}},{"ty":"st","bm":0,"lc":2,"lj":2,"ml":1,"o":{"a":0,"k":100},"w":{"a":0,"k":6},"c":{"a":0,"k":[0.102,0.102,0.102]}},{"ty":"tr","a":{"a":0,"k":[0,0]},"s":{"a":0,"k":[100,100]},"sk":{"a":0,"k":0},"p":{"a":0,"k":[645.96,508.74]},"r":{"a":0,"k":0},"sa":{"a":0,"k":0},"o":{"a":0,"k":100}}]}],"ind":6}]}]}