{"ddd":0,"h":1296,"w":1728,"meta":{"g":"LottieFiles AE 0.1.20"},"layers":[{"ty":4,"sr":1,"st":0,"op":240,"ip":0,"ddd":0,"bm":0,"hasMask":false,"ao":0,"ks":{"a":{"a":0,"k":[0,0,0]},"s":{"a":0,"k":[100,100,100]},"sk":{"a":0,"k":0},"p":{"a":0,"k":[858.7,333.82,0]},"r":{"a":0,"k":0},"sa":{"a":0,"k":0},"o":{"a":0,"k":100}},"ef":[],"shapes":[{"ty":"gr","bm":0,"it":[{"ty":"sh","bm":0,"d":1,"ks":{"a":0,"k":{"c":true,"i":[[0,-28.05],[0,0],[0,0],[0,0],[-28.06,0],[0,0]],"o":[[0,0],[0,0],[0,0],[0,-28.05],[0,0],[28.06,0]],"v":[[337.03,6.74],[337.03,44.06],[-337.03,44.06],[-337.03,6.74],[-286.23,-44.06],[286.23,-44.06]]}}},{"ty":"st","bm":0,"lc":2,"lj":1,"ml":10,"o":{"a":0,"k":100},"w":{"a":0,"k":14},"c":{"a":0,"k":[0.102,0.102,0.102]}},{"ty":"fl","bm":0,"c":{"a":0,"k":[0.102,0.102,0.102]},"r":1,"o":{"a":0,"k":100}},{"ty":"tr","a":{"a":0,"k":[0,0]},"s":{"a":0,"k":[100,100]},"sk":{"a":0,"k":0},"p":{"a":0,"k":[0,0]},"r":{"a":0,"k":0},"sa":{"a":0,"k":0},"o":{"a":0,"k":100}}]}],"ind":1},{"ty":4,"sr":1,"st":0,"op":240,"ip":0,"ddd":0,"bm":0,"hasMask":true,"ao":0,"ks":{"a":{"a":0,"k":[829.19,952.67,0]},"s":{"a":0,"k":[100,100,100]},"sk":{"a":0,"k":0},"p":{"a":1,"k":[{"o":{"x":0.17,"y":0.17},"i":{"x":0.83,"y":0.83},"s":[829.19,952.67,0],"t":0,"ti":[0,94.11,0],"to":[0,-89.76,0]},{"o":{"x":0.17,"y":0.17},"i":{"x":0.83,"y":0.83},"s":[824.19,411.93,0],"t":239,"ti":[0,0.74,0],"to":[0,-0.77,0]},{"s":[829.19,409.67,0],"t":240}]},"r":{"a":0,"k":0},"sa":{"a":0,"k":0},"o":{"a":0,"k":100}},"ef":[],"masksProperties":[{"inv":false,"mode":"a","x":{"a":0,"k":0},"o":{"a":0,"k":100},"pt":{"a":1,"k":[{"o":{"x":0.17,"y":0.17},"i":{"x":0.83,"y":0.83},"s":[{"c":true,"i":[[0,0],[0,0],[0,0],[0,0]],"o":[[0,0],[0,0],[0,0],[0,0]],"v":[[1190,385],[529,385],[529,928],[1190,928]]}],"t":0},{"s":[{"c":true,"i":[[0,0],[0,0],[0,0],[0,0]],"o":[[0,0],[0,0],[0,0],[0,0]],"v":[[1190,928],[529,928],[529,1471.63],[1190,1471.63]]}],"t":240}]}}],"shapes":[{"ty":"gr","bm":0,"it":[{"ty":"sh","bm":0,"d":1,"ks":{"a":0,"k":{"c":false,"i":[[0,0],[0,0]],"o":[[0,0],[0,0]],"v":[[-20.32,0],[20.32,0]]}}},{"ty":"st","bm":0,"lc":2,"lj":1,"ml":10,"o":{"a":0,"k":100},"w":{"a":0,"k":20},"c":{"a":0,"k":[0.89,0.89,0.89]}},{"ty":"tr","a":{"a":0,"k":[0,0]},"s":{"a":0,"k":[100,100]},"sk":{"a":0,"k":0},"p":{"a":0,"k":[681.98,920.76]},"r":{"a":0,"k":0},"sa":{"a":0,"k":0},"o":{"a":0,"k":100}}]},{"ty":"gr","bm":0,"it":[{"ty":"sh","bm":0,"d":1,"ks":{"a":0,"k":{"c":false,"i":[[0,0],[0,0]],"o":[[0,0],[0,0]],"v":[[-87.9,0],[87.9,0]]}}},{"ty":"st","bm":0,"lc":2,"lj":1,"ml":10,"o":{"a":0,"k":100},"w":{"a":0,"k":20},"c":{"a":0,"k":[0.89,0.89,0.89]}},{"ty":"tr","a":{"a":0,"k":[0,0]},"s":{"a":0,"k":[100,100]},"sk":{"a":0,"k":0},"p":{"a":0,"k":[823.78,920.76]},"r":{"a":0,"k":0},"sa":{"a":0,"k":0},"o":{"a":0,"k":100}}]},{"ty":"gr","bm":0,"it":[{"ty":"sh","bm":0,"d":1,"ks":{"a":0,"k":{"c":false,"i":[[0,0],[0,0]],"o":[[0,0],[0,0]],"v":[[-37.1,0],[37.1,0]]}}},{"ty":"st","bm":0,"lc":2,"lj":1,"ml":10,"o":{"a":0,"k":100},"w":{"a":0,"k":20},"c":{"a":0,"k":[0.89,0.89,0.89]}},{"ty":"tr","a":{"a":0,"k":[0,0]},"s":{"a":0,"k":[100,100]},"sk":{"a":0,"k":0},"p":{"a":0,"k":[978.82,920.76]},"r":{"a":0,"k":0},"sa":{"a":0,"k":0},"o":{"a":0,"k":100}}]},{"ty":"gr","bm":0,"it":[{"ty":"sh","bm":0,"d":1,"ks":{"a":0,"k":{"c":false,"i":[[0,0],[0,0]],"o":[[0,0],[0,0]],"v":[[20.32,0],[-20.32,0]]}}},{"ty":"st","bm":0,"lc":2,"lj":1,"ml":10,"o":{"a":0,"k":100},"w":{"a":0,"k":20},"c":{"a":0,"k":[0.89,0.89,0.89]}},{"ty":"tr","a":{"a":0,"k":[0,0]},"s":{"a":0,"k":[100,100]},"sk":{"a":0,"k":0},"p":{"a":0,"k":[1040,801.49]},"r":{"a":0,"k":0},"sa":{"a":0,"k":0},"o":{"a":0,"k":100}}]},{"ty":"gr","bm":0,"it":[{"ty":"sh","bm":0,"d":1,"ks":{"a":0,"k":{"c":false,"i":[[0,0],[0,0]],"o":[[0,0],[0,0]],"v":[[87.9,0],[-87.9,0]]}}},{"ty":"st","bm":0,"lc":2,"lj":1,"ml":10,"o":{"a":0,"k":100},"w":{"a":0,"k":20},"c":{"a":0,"k":[0.89,0.89,0.89]}},{"ty":"tr","a":{"a":0,"k":[0,0]},"s":{"a":0,"k":[100,100]},"sk":{"a":0,"k":0},"p":{"a":0,"k":[898.21,801.49]},"r":{"a":0,"k":0},"sa":{"a":0,"k":0},"o":{"a":0,"k":100}}]},{"ty":"gr","bm":0,"it":[{"ty":"sh","bm":0,"d":1,"ks":{"a":0,"k":{"c":false,"i":[[0,0],[0,0]],"o":[[0,0],[0,0]],"v":[[37.1,0],[-37.1,0]]}}},{"ty":"st","bm":0,"lc":2,"lj":1,"ml":10,"o":{"a":0,"k":100},"w":{"a":0,"k":20},"c":{"a":0,"k":[0.89,0.89,0.89]}},{"ty":"tr","a":{"a":0,"k":[0,0]},"s":{"a":0,"k":[100,100]},"sk":{"a":0,"k":0},"p":{"a":0,"k":[743.16,801.49]},"r":{"a":0,"k":0},"sa":{"a":0,"k":0},"o":{"a":0,"k":100}}]},{"ty":"gr","bm":0,"it":[{"ty":"sh","bm":0,"d":1,"ks":{"a":0,"k":{"c":false,"i":[[0,0],[0,0]],"o":[[0,0],[0,0]],"v":[[-116.61,0],[116.61,0]]}}},{"ty":"st","bm":0,"lc":2,"lj":1,"ml":10,"o":{"a":0,"k":100},"w":{"a":0,"k":20},"c":{"a":0,"k":[0.89,0.89,0.89]}},{"ty":"tr","a":{"a":0,"k":[0,0]},"s":{"a":0,"k":[100,100]},"sk":{"a":0,"k":0},"p":{"a":0,"k":[731.46,861.12]},"r":{"a":0,"k":0},"sa":{"a":0,"k":0},"o":{"a":0,"k":100}}]},{"ty":"gr","bm":0,"it":[{"ty":"sh","bm":0,"d":1,"ks":{"a":0,"k":{"c":false,"i":[[0,0],[0,0]],"o":[[0,0],[0,0]],"v":[[-37.1,0],[37.1,0]]}}},{"ty":"st","bm":0,"lc":2,"lj":1,"ml":10,"o":{"a":0,"k":100},"w":{"a":0,"k":20},"c":{"a":0,"k":[0.89,0.89,0.89]}},{"ty":"tr","a":{"a":0,"k":[0,0]},"s":{"a":0,"k":[100,100]},"sk":{"a":0,"k":0},"p":{"a":0,"k":[915.21,861.12]},"r":{"a":0,"k":0},"sa":{"a":0,"k":0},"o":{"a":0,"k":100}}]},{"ty":"gr","bm":0,"it":[{"ty":"sh","bm":0,"d":1,"ks":{"a":0,"k":{"c":false,"i":[[0,0],[0,0]],"o":[[0,0],[0,0]],"v":[[-62.5,0],[62.5,0]]}}},{"ty":"st","bm":0,"lc":2,"lj":1,"ml":10,"o":{"a":0,"k":100},"w":{"a":0,"k":20},"c":{"a":0,"k":[0.89,0.89,0.89]}},{"ty":"tr","a":{"a":0,"k":[0,0]},"s":{"a":0,"k":[100,100]},"sk":{"a":0,"k":0},"p":{"a":0,"k":[660.56,741.86]},"r":{"a":0,"k":0},"sa":{"a":0,"k":0},"o":{"a":0,"k":100}}]},{"ty":"gr","bm":0,"it":[{"ty":"sh","bm":0,"d":1,"ks":{"a":0,"k":{"c":false,"i":[[0,0],[0,0]],"o":[[0,0],[0,0]],"v":[[-33.13,0],[33.13,0]]}}},{"ty":"st","bm":0,"lc":2,"lj":1,"ml":10,"o":{"a":0,"k":100},"w":{"a":0,"k":20},"c":{"a":0,"k":[0.89,0.89,0.89]}},{"ty":"tr","a":{"a":0,"k":[0,0]},"s":{"a":0,"k":[100,100]},"sk":{"a":0,"k":0},"p":{"a":0,"k":[814.94,741.86]},"r":{"a":0,"k":0},"sa":{"a":0,"k":0},"o":{"a":0,"k":100}}]},{"ty":"gr","bm":0,"it":[{"ty":"sh","bm":0,"d":1,"ks":{"a":0,"k":{"c":false,"i":[[0,0],[0,0]],"o":[[0,0],[0,0]],"v":[[-37.1,0],[37.1,0]]}}},{"ty":"st","bm":0,"lc":2,"lj":1,"ml":10,"o":{"a":0,"k":100},"w":{"a":0,"k":20},"c":{"a":0,"k":[0.89,0.89,0.89]}},{"ty":"tr","a":{"a":0,"k":[0,0]},"s":{"a":0,"k":[100,100]},"sk":{"a":0,"k":0},"p":{"a":0,"k":[915.21,741.86]},"r":{"a":0,"k":0},"sa":{"a":0,"k":0},"o":{"a":0,"k":100}}]},{"ty":"gr","bm":0,"it":[{"ty":"sh","bm":0,"d":1,"ks":{"a":0,"k":{"c":false,"i":[[0,0],[0,0]],"o":[[0,0],[0,0]],"v":[[20.32,0],[-20.32,0]]}}},{"ty":"st","bm":0,"lc":2,"lj":1,"ml":10,"o":{"a":0,"k":100},"w":{"a":0,"k":20},"c":{"a":0,"k":[0.89,0.89,0.89]}},{"ty":"tr","a":{"a":0,"k":[0,0]},"s":{"a":0,"k":[100,100]},"sk":{"a":0,"k":0},"p":{"a":0,"k":[970.98,501.34]},"r":{"a":0,"k":0},"sa":{"a":0,"k":0},"o":{"a":0,"k":100}}]},{"ty":"gr","bm":0,"it":[{"ty":"sh","bm":0,"d":1,"ks":{"a":0,"k":{"c":false,"i":[[0,0],[0,0]],"o":[[0,0],[0,0]],"v":[[87.9,0],[-87.9,0]]}}},{"ty":"st","bm":0,"lc":2,"lj":1,"ml":10,"o":{"a":0,"k":100},"w":{"a":0,"k":20},"c":{"a":0,"k":[0.89,0.89,0.89]}},{"ty":"tr","a":{"a":0,"k":[0,0]},"s":{"a":0,"k":[100,100]},"sk":{"a":0,"k":0},"p":{"a":0,"k":[829.19,501.34]},"r":{"a":0,"k":0},"sa":{"a":0,"k":0},"o":{"a":0,"k":100}}]},{"ty":"gr","bm":0,"it":[{"ty":"sh","bm":0,"d":1,"ks":{"a":0,"k":{"c":false,"i":[[0,0],[0,0]],"o":[[0,0],[0,0]],"v":[[37.1,0],[-37.1,0]]}}},{"ty":"st","bm":0,"lc":2,"lj":1,"ml":10,"o":{"a":0,"k":100},"w":{"a":0,"k":20},"c":{"a":0,"k":[0.89,0.89,0.89]}},{"ty":"tr","a":{"a":0,"k":[0,0]},"s":{"a":0,"k":[100,100]},"sk":{"a":0,"k":0},"p":{"a":0,"k":[674.14,501.34]},"r":{"a":0,"k":0},"sa":{"a":0,"k":0},"o":{"a":0,"k":100}}]},{"ty":"gr","bm":0,"it":[{"ty":"sh","bm":0,"d":1,"ks":{"a":0,"k":{"c":false,"i":[[0,0],[0,0]],"o":[[0,0],[0,0]],"v":[[-20.32,0],[20.32,0]]}}},{"ty":"st","bm":0,"lc":2,"lj":1,"ml":10,"o":{"a":0,"k":100},"w":{"a":0,"k":20},"c":{"a":0,"k":[0.89,0.89,0.89]}},{"ty":"tr","a":{"a":0,"k":[0,0]},"s":{"a":0,"k":[100,100]},"sk":{"a":0,"k":0},"p":{"a":0,"k":[612.97,620.61]},"r":{"a":0,"k":0},"sa":{"a":0,"k":0},"o":{"a":0,"k":100}}]},{"ty":"gr","bm":0,"it":[{"ty":"sh","bm":0,"d":1,"ks":{"a":0,"k":{"c":false,"i":[[0,0],[0,0]],"o":[[0,0],[0,0]],"v":[[-87.9,0],[87.9,0]]}}},{"ty":"st","bm":0,"lc":2,"lj":1,"ml":10,"o":{"a":0,"k":100},"w":{"a":0,"k":20},"c":{"a":0,"k":[0.89,0.89,0.89]}},{"ty":"tr","a":{"a":0,"k":[0,0]},"s":{"a":0,"k":[100,100]},"sk":{"a":0,"k":0},"p":{"a":0,"k":[754.76,620.61]},"r":{"a":0,"k":0},"sa":{"a":0,"k":0},"o":{"a":0,"k":100}}]},{"ty":"gr","bm":0,"it":[{"ty":"sh","bm":0,"d":1,"ks":{"a":0,"k":{"c":false,"i":[[0,0],[0,0]],"o":[[0,0],[0,0]],"v":[[-37.1,0],[37.1,0]]}}},{"ty":"st","bm":0,"lc":2,"lj":1,"ml":10,"o":{"a":0,"k":100},"w":{"a":0,"k":20},"c":{"a":0,"k":[0.89,0.89,0.89]}},{"ty":"tr","a":{"a":0,"k":[0,0]},"s":{"a":0,"k":[100,100]},"sk":{"a":0,"k":0},"p":{"a":0,"k":[909.8,620.61]},"r":{"a":0,"k":0},"sa":{"a":0,"k":0},"o":{"a":0,"k":100}}]},{"ty":"gr","bm":0,"it":[{"ty":"sh","bm":0,"d":1,"ks":{"a":0,"k":{"c":false,"i":[[0,0],[0,0]],"o":[[0,0],[0,0]],"v":[[116.61,0],[-116.61,0]]}}},{"ty":"st","bm":0,"lc":2,"lj":1,"ml":10,"o":{"a":0,"k":100},"w":{"a":0,"k":20},"c":{"a":0,"k":[0.89,0.89,0.89]}},{"ty":"tr","a":{"a":0,"k":[0,0]},"s":{"a":0,"k":[100,100]},"sk":{"a":0,"k":0},"p":{"a":0,"k":[921.51,560.98]},"r":{"a":0,"k":0},"sa":{"a":0,"k":0},"o":{"a":0,"k":100}}]},{"ty":"gr","bm":0,"it":[{"ty":"sh","bm":0,"d":1,"ks":{"a":0,"k":{"c":false,"i":[[0,0],[0,0]],"o":[[0,0],[0,0]],"v":[[37.1,0],[-37.1,0]]}}},{"ty":"st","bm":0,"lc":2,"lj":1,"ml":10,"o":{"a":0,"k":100},"w":{"a":0,"k":20},"c":{"a":0,"k":[0.89,0.89,0.89]}},{"ty":"tr","a":{"a":0,"k":[0,0]},"s":{"a":0,"k":[100,100]},"sk":{"a":0,"k":0},"p":{"a":0,"k":[737.75,560.98]},"r":{"a":0,"k":0},"sa":{"a":0,"k":0},"o":{"a":0,"k":100}}]},{"ty":"gr","bm":0,"it":[{"ty":"sh","bm":0,"d":1,"ks":{"a":0,"k":{"c":false,"i":[[0,0],[0,0]],"o":[[0,0],[0,0]],"v":[[62.5,0],[-62.5,0]]}}},{"ty":"st","bm":0,"lc":2,"lj":1,"ml":10,"o":{"a":0,"k":100},"w":{"a":0,"k":20},"c":{"a":0,"k":[0.89,0.89,0.89]}},{"ty":"tr","a":{"a":0,"k":[0,0]},"s":{"a":0,"k":[100,100]},"sk":{"a":0,"k":0},"p":{"a":0,"k":[974.18,680.24]},"r":{"a":0,"k":0},"sa":{"a":0,"k":0},"o":{"a":0,"k":100}}]},{"ty":"gr","bm":0,"it":[{"ty":"sh","bm":0,"d":1,"ks":{"a":0,"k":{"c":false,"i":[[0,0],[0,0]],"o":[[0,0],[0,0]],"v":[[33.13,0],[-33.13,0]]}}},{"ty":"st","bm":0,"lc":2,"lj":1,"ml":10,"o":{"a":0,"k":100},"w":{"a":0,"k":20},"c":{"a":0,"k":[0.89,0.89,0.89]}},{"ty":"tr","a":{"a":0,"k":[0,0]},"s":{"a":0,"k":[100,100]},"sk":{"a":0,"k":0},"p":{"a":0,"k":[838.02,680.24]},"r":{"a":0,"k":0},"sa":{"a":0,"k":0},"o":{"a":0,"k":100}}]},{"ty":"gr","bm":0,"it":[{"ty":"sh","bm":0,"d":1,"ks":{"a":0,"k":{"c":false,"i":[[0,0],[0,0]],"o":[[0,0],[0,0]],"v":[[37.1,0],[-37.1,0]]}}},{"ty":"st","bm":0,"lc":2,"lj":1,"ml":10,"o":{"a":0,"k":100},"w":{"a":0,"k":20},"c":{"a":0,"k":[0.89,0.89,0.89]}},{"ty":"tr","a":{"a":0,"k":[0,0]},"s":{"a":0,"k":[100,100]},"sk":{"a":0,"k":0},"p":{"a":0,"k":[737.75,680.24]},"r":{"a":0,"k":0},"sa":{"a":0,"k":0},"o":{"a":0,"k":100}}]},{"ty":"gr","bm":0,"it":[{"ty":"sh","bm":0,"d":1,"ks":{"a":0,"k":{"c":false,"i":[[0,0],[0,0]],"o":[[0,0],[0,0]],"v":[[-125.01,0],[125.01,0]]}}},{"ty":"st","bm":0,"lc":2,"lj":1,"ml":10,"o":{"a":0,"k":100},"w":{"a":0,"k":20},"c":{"a":0,"k":[0.89,0.89,0.89]}},{"ty":"tr","a":{"a":0,"k":[0,0]},"s":{"a":0,"k":[100,100]},"sk":{"a":0,"k":0},"p":{"a":0,"k":[718.32,441.71]},"r":{"a":0,"k":0},"sa":{"a":0,"k":0},"o":{"a":0,"k":100}}]},{"ty":"gr","bm":0,"it":[{"ty":"sh","bm":0,"d":1,"ks":{"a":0,"k":{"c":false,"i":[[0,0],[0,0]],"o":[[0,0],[0,0]],"v":[[-37.1,0],[37.1,0]]}}},{"ty":"st","bm":0,"lc":2,"lj":1,"ml":10,"o":{"a":0,"k":100},"w":{"a":0,"k":20},"c":{"a":0,"k":[0.89,0.89,0.89]}},{"ty":"tr","a":{"a":0,"k":[0,0]},"s":{"a":0,"k":[100,100]},"sk":{"a":0,"k":0},"p":{"a":0,"k":[910.46,441.71]},"r":{"a":0,"k":0},"sa":{"a":0,"k":0},"o":{"a":0,"k":100}}]},{"ty":"gr","bm":0,"it":[{"ty":"sh","bm":0,"d":1,"ks":{"a":0,"k":{"c":false,"i":[[0,0],[0,0]],"o":[[0,0],[0,0]],"v":[[-20.32,0],[20.32,0]]}}},{"ty":"st","bm":0,"lc":2,"lj":1,"ml":10,"o":{"a":0,"k":100},"w":{"a":0,"k":20},"c":{"a":0,"k":[0.89,0.89,0.89]}},{"ty":"tr","a":{"a":0,"k":[0,0]},"s":{"a":0,"k":[100,100]},"sk":{"a":0,"k":0},"p":{"a":0,"k":[687.4,1463.63]},"r":{"a":0,"k":0},"sa":{"a":0,"k":0},"o":{"a":0,"k":100}}]},{"ty":"gr","bm":0,"it":[{"ty":"sh","bm":0,"d":1,"ks":{"a":0,"k":{"c":false,"i":[[0,0],[0,0]],"o":[[0,0],[0,0]],"v":[[-87.9,0],[87.9,0]]}}},{"ty":"st","bm":0,"lc":2,"lj":1,"ml":10,"o":{"a":0,"k":100},"w":{"a":0,"k":20},"c":{"a":0,"k":[0.89,0.89,0.89]}},{"ty":"tr","a":{"a":0,"k":[0,0]},"s":{"a":0,"k":[100,100]},"sk":{"a":0,"k":0},"p":{"a":0,"k":[829.19,1463.63]},"r":{"a":0,"k":0},"sa":{"a":0,"k":0},"o":{"a":0,"k":100}}]},{"ty":"gr","bm":0,"it":[{"ty":"sh","bm":0,"d":1,"ks":{"a":0,"k":{"c":false,"i":[[0,0],[0,0]],"o":[[0,0],[0,0]],"v":[[-37.1,0],[37.1,0]]}}},{"ty":"st","bm":0,"lc":2,"lj":1,"ml":10,"o":{"a":0,"k":100},"w":{"a":0,"k":20},"c":{"a":0,"k":[0.89,0.89,0.89]}},{"ty":"tr","a":{"a":0,"k":[0,0]},"s":{"a":0,"k":[100,100]},"sk":{"a":0,"k":0},"p":{"a":0,"k":[984.23,1463.63]},"r":{"a":0,"k":0},"sa":{"a":0,"k":0},"o":{"a":0,"k":100}}]},{"ty":"gr","bm":0,"it":[{"ty":"sh","bm":0,"d":1,"ks":{"a":0,"k":{"c":false,"i":[[0,0],[0,0]],"o":[[0,0],[0,0]],"v":[[20.32,0],[-20.32,0]]}}},{"ty":"st","bm":0,"lc":2,"lj":1,"ml":10,"o":{"a":0,"k":100},"w":{"a":0,"k":20},"c":{"a":0,"k":[0.89,0.89,0.89]}},{"ty":"tr","a":{"a":0,"k":[0,0]},"s":{"a":0,"k":[100,100]},"sk":{"a":0,"k":0},"p":{"a":0,"k":[1045.41,1344.36]},"r":{"a":0,"k":0},"sa":{"a":0,"k":0},"o":{"a":0,"k":100}}]},{"ty":"gr","bm":0,"it":[{"ty":"sh","bm":0,"d":1,"ks":{"a":0,"k":{"c":false,"i":[[0,0],[0,0]],"o":[[0,0],[0,0]],"v":[[87.9,0],[-87.9,0]]}}},{"ty":"st","bm":0,"lc":2,"lj":1,"ml":10,"o":{"a":0,"k":100},"w":{"a":0,"k":20},"c":{"a":0,"k":[0.89,0.89,0.89]}},{"ty":"tr","a":{"a":0,"k":[0,0]},"s":{"a":0,"k":[100,100]},"sk":{"a":0,"k":0},"p":{"a":0,"k":[903.62,1344.36]},"r":{"a":0,"k":0},"sa":{"a":0,"k":0},"o":{"a":0,"k":100}}]},{"ty":"gr","bm":0,"it":[{"ty":"sh","bm":0,"d":1,"ks":{"a":0,"k":{"c":false,"i":[[0,0],[0,0]],"o":[[0,0],[0,0]],"v":[[37.1,0],[-37.1,0]]}}},{"ty":"st","bm":0,"lc":2,"lj":1,"ml":10,"o":{"a":0,"k":100},"w":{"a":0,"k":20},"c":{"a":0,"k":[0.89,0.89,0.89]}},{"ty":"tr","a":{"a":0,"k":[0,0]},"s":{"a":0,"k":[100,100]},"sk":{"a":0,"k":0},"p":{"a":0,"k":[748.57,1344.36]},"r":{"a":0,"k":0},"sa":{"a":0,"k":0},"o":{"a":0,"k":100}}]},{"ty":"gr","bm":0,"it":[{"ty":"sh","bm":0,"d":1,"ks":{"a":0,"k":{"c":false,"i":[[0,0],[0,0]],"o":[[0,0],[0,0]],"v":[[-116.61,0],[116.61,0]]}}},{"ty":"st","bm":0,"lc":2,"lj":1,"ml":10,"o":{"a":0,"k":100},"w":{"a":0,"k":20},"c":{"a":0,"k":[0.89,0.89,0.89]}},{"ty":"tr","a":{"a":0,"k":[0,0]},"s":{"a":0,"k":[100,100]},"sk":{"a":0,"k":0},"p":{"a":0,"k":[736.87,1404]},"r":{"a":0,"k":0},"sa":{"a":0,"k":0},"o":{"a":0,"k":100}}]},{"ty":"gr","bm":0,"it":[{"ty":"sh","bm":0,"d":1,"ks":{"a":0,"k":{"c":false,"i":[[0,0],[0,0]],"o":[[0,0],[0,0]],"v":[[-37.1,0],[37.1,0]]}}},{"ty":"st","bm":0,"lc":2,"lj":1,"ml":10,"o":{"a":0,"k":100},"w":{"a":0,"k":20},"c":{"a":0,"k":[0.89,0.89,0.89]}},{"ty":"tr","a":{"a":0,"k":[0,0]},"s":{"a":0,"k":[100,100]},"sk":{"a":0,"k":0},"p":{"a":0,"k":[920.62,1404]},"r":{"a":0,"k":0},"sa":{"a":0,"k":0},"o":{"a":0,"k":100}}]},{"ty":"gr","bm":0,"it":[{"ty":"sh","bm":0,"d":1,"ks":{"a":0,"k":{"c":false,"i":[[0,0],[0,0]],"o":[[0,0],[0,0]],"v":[[-62.5,0],[62.5,0]]}}},{"ty":"st","bm":0,"lc":2,"lj":1,"ml":10,"o":{"a":0,"k":100},"w":{"a":0,"k":20},"c":{"a":0,"k":[0.89,0.89,0.89]}},{"ty":"tr","a":{"a":0,"k":[0,0]},"s":{"a":0,"k":[100,100]},"sk":{"a":0,"k":0},"p":{"a":0,"k":[665.97,1284.73]},"r":{"a":0,"k":0},"sa":{"a":0,"k":0},"o":{"a":0,"k":100}}]},{"ty":"gr","bm":0,"it":[{"ty":"sh","bm":0,"d":1,"ks":{"a":0,"k":{"c":false,"i":[[0,0],[0,0]],"o":[[0,0],[0,0]],"v":[[-33.13,0],[33.13,0]]}}},{"ty":"st","bm":0,"lc":2,"lj":1,"ml":10,"o":{"a":0,"k":100},"w":{"a":0,"k":20},"c":{"a":0,"k":[0.89,0.89,0.89]}},{"ty":"tr","a":{"a":0,"k":[0,0]},"s":{"a":0,"k":[100,100]},"sk":{"a":0,"k":0},"p":{"a":0,"k":[820.35,1284.73]},"r":{"a":0,"k":0},"sa":{"a":0,"k":0},"o":{"a":0,"k":100}}]},{"ty":"gr","bm":0,"it":[{"ty":"sh","bm":0,"d":1,"ks":{"a":0,"k":{"c":false,"i":[[0,0],[0,0]],"o":[[0,0],[0,0]],"v":[[-37.1,0],[37.1,0]]}}},{"ty":"st","bm":0,"lc":2,"lj":1,"ml":10,"o":{"a":0,"k":100},"w":{"a":0,"k":20},"c":{"a":0,"k":[0.89,0.89,0.89]}},{"ty":"tr","a":{"a":0,"k":[0,0]},"s":{"a":0,"k":[100,100]},"sk":{"a":0,"k":0},"p":{"a":0,"k":[920.62,1284.73]},"r":{"a":0,"k":0},"sa":{"a":0,"k":0},"o":{"a":0,"k":100}}]},{"ty":"gr","bm":0,"it":[{"ty":"sh","bm":0,"d":1,"ks":{"a":0,"k":{"c":false,"i":[[0,0],[0,0]],"o":[[0,0],[0,0]],"v":[[20.32,0],[-20.32,0]]}}},{"ty":"st","bm":0,"lc":2,"lj":1,"ml":10,"o":{"a":0,"k":100},"w":{"a":0,"k":20},"c":{"a":0,"k":[0.89,0.89,0.89]}},{"ty":"tr","a":{"a":0,"k":[0,0]},"s":{"a":0,"k":[100,100]},"sk":{"a":0,"k":0},"p":{"a":0,"k":[976.39,1044.22]},"r":{"a":0,"k":0},"sa":{"a":0,"k":0},"o":{"a":0,"k":100}}]},{"ty":"gr","bm":0,"it":[{"ty":"sh","bm":0,"d":1,"ks":{"a":0,"k":{"c":false,"i":[[0,0],[0,0]],"o":[[0,0],[0,0]],"v":[[87.9,0],[-87.9,0]]}}},{"ty":"st","bm":0,"lc":2,"lj":1,"ml":10,"o":{"a":0,"k":100},"w":{"a":0,"k":20},"c":{"a":0,"k":[0.89,0.89,0.89]}},{"ty":"tr","a":{"a":0,"k":[0,0]},"s":{"a":0,"k":[100,100]},"sk":{"a":0,"k":0},"p":{"a":0,"k":[834.6,1044.22]},"r":{"a":0,"k":0},"sa":{"a":0,"k":0},"o":{"a":0,"k":100}}]},{"ty":"gr","bm":0,"it":[{"ty":"sh","bm":0,"d":1,"ks":{"a":0,"k":{"c":false,"i":[[0,0],[0,0]],"o":[[0,0],[0,0]],"v":[[37.1,0],[-37.1,0]]}}},{"ty":"st","bm":0,"lc":2,"lj":1,"ml":10,"o":{"a":0,"k":100},"w":{"a":0,"k":20},"c":{"a":0,"k":[0.89,0.89,0.89]}},{"ty":"tr","a":{"a":0,"k":[0,0]},"s":{"a":0,"k":[100,100]},"sk":{"a":0,"k":0},"p":{"a":0,"k":[679.56,1044.22]},"r":{"a":0,"k":0},"sa":{"a":0,"k":0},"o":{"a":0,"k":100}}]},{"ty":"gr","bm":0,"it":[{"ty":"sh","bm":0,"d":1,"ks":{"a":0,"k":{"c":false,"i":[[0,0],[0,0]],"o":[[0,0],[0,0]],"v":[[-20.32,0],[20.32,0]]}}},{"ty":"st","bm":0,"lc":2,"lj":1,"ml":10,"o":{"a":0,"k":100},"w":{"a":0,"k":20},"c":{"a":0,"k":[0.89,0.89,0.89]}},{"ty":"tr","a":{"a":0,"k":[0,0]},"s":{"a":0,"k":[100,100]},"sk":{"a":0,"k":0},"p":{"a":0,"k":[618.38,1163.48]},"r":{"a":0,"k":0},"sa":{"a":0,"k":0},"o":{"a":0,"k":100}}]},{"ty":"gr","bm":0,"it":[{"ty":"sh","bm":0,"d":1,"ks":{"a":0,"k":{"c":false,"i":[[0,0],[0,0]],"o":[[0,0],[0,0]],"v":[[-87.9,0],[87.9,0]]}}},{"ty":"st","bm":0,"lc":2,"lj":1,"ml":10,"o":{"a":0,"k":100},"w":{"a":0,"k":20},"c":{"a":0,"k":[0.89,0.89,0.89]}},{"ty":"tr","a":{"a":0,"k":[0,0]},"s":{"a":0,"k":[100,100]},"sk":{"a":0,"k":0},"p":{"a":0,"k":[760.17,1163.48]},"r":{"a":0,"k":0},"sa":{"a":0,"k":0},"o":{"a":0,"k":100}}]},{"ty":"gr","bm":0,"it":[{"ty":"sh","bm":0,"d":1,"ks":{"a":0,"k":{"c":false,"i":[[0,0],[0,0]],"o":[[0,0],[0,0]],"v":[[-37.1,0],[37.1,0]]}}},{"ty":"st","bm":0,"lc":2,"lj":1,"ml":10,"o":{"a":0,"k":100},"w":{"a":0,"k":20},"c":{"a":0,"k":[0.89,0.89,0.89]}},{"ty":"tr","a":{"a":0,"k":[0,0]},"s":{"a":0,"k":[100,100]},"sk":{"a":0,"k":0},"p":{"a":0,"k":[915.21,1163.48]},"r":{"a":0,"k":0},"sa":{"a":0,"k":0},"o":{"a":0,"k":100}}]},{"ty":"gr","bm":0,"it":[{"ty":"sh","bm":0,"d":1,"ks":{"a":0,"k":{"c":false,"i":[[0,0],[0,0]],"o":[[0,0],[0,0]],"v":[[116.61,0],[-116.61,0]]}}},{"ty":"st","bm":0,"lc":2,"lj":1,"ml":10,"o":{"a":0,"k":100},"w":{"a":0,"k":20},"c":{"a":0,"k":[0.89,0.89,0.89]}},{"ty":"tr","a":{"a":0,"k":[0,0]},"s":{"a":0,"k":[100,100]},"sk":{"a":0,"k":0},"p":{"a":0,"k":[926.92,1103.85]},"r":{"a":0,"k":0},"sa":{"a":0,"k":0},"o":{"a":0,"k":100}}]},{"ty":"gr","bm":0,"it":[{"ty":"sh","bm":0,"d":1,"ks":{"a":0,"k":{"c":false,"i":[[0,0],[0,0]],"o":[[0,0],[0,0]],"v":[[37.1,0],[-37.1,0]]}}},{"ty":"st","bm":0,"lc":2,"lj":1,"ml":10,"o":{"a":0,"k":100},"w":{"a":0,"k":20},"c":{"a":0,"k":[0.89,0.89,0.89]}},{"ty":"tr","a":{"a":0,"k":[0,0]},"s":{"a":0,"k":[100,100]},"sk":{"a":0,"k":0},"p":{"a":0,"k":[743.16,1103.85]},"r":{"a":0,"k":0},"sa":{"a":0,"k":0},"o":{"a":0,"k":100}}]},{"ty":"gr","bm":0,"it":[{"ty":"sh","bm":0,"d":1,"ks":{"a":0,"k":{"c":false,"i":[[0,0],[0,0]],"o":[[0,0],[0,0]],"v":[[62.5,0],[-62.5,0]]}}},{"ty":"st","bm":0,"lc":2,"lj":1,"ml":10,"o":{"a":0,"k":100},"w":{"a":0,"k":20},"c":{"a":0,"k":[0.89,0.89,0.89]}},{"ty":"tr","a":{"a":0,"k":[0,0]},"s":{"a":0,"k":[100,100]},"sk":{"a":0,"k":0},"p":{"a":0,"k":[979.59,1223.11]},"r":{"a":0,"k":0},"sa":{"a":0,"k":0},"o":{"a":0,"k":100}}]},{"ty":"gr","bm":0,"it":[{"ty":"sh","bm":0,"d":1,"ks":{"a":0,"k":{"c":false,"i":[[0,0],[0,0]],"o":[[0,0],[0,0]],"v":[[33.13,0],[-33.13,0]]}}},{"ty":"st","bm":0,"lc":2,"lj":1,"ml":10,"o":{"a":0,"k":100},"w":{"a":0,"k":20},"c":{"a":0,"k":[0.89,0.89,0.89]}},{"ty":"tr","a":{"a":0,"k":[0,0]},"s":{"a":0,"k":[100,100]},"sk":{"a":0,"k":0},"p":{"a":0,"k":[843.43,1223.11]},"r":{"a":0,"k":0},"sa":{"a":0,"k":0},"o":{"a":0,"k":100}}]},{"ty":"gr","bm":0,"it":[{"ty":"sh","bm":0,"d":1,"ks":{"a":0,"k":{"c":false,"i":[[0,0],[0,0]],"o":[[0,0],[0,0]],"v":[[37.1,0],[-37.1,0]]}}},{"ty":"st","bm":0,"lc":2,"lj":1,"ml":10,"o":{"a":0,"k":100},"w":{"a":0,"k":20},"c":{"a":0,"k":[0.89,0.89,0.89]}},{"ty":"tr","a":{"a":0,"k":[0,0]},"s":{"a":0,"k":[100,100]},"sk":{"a":0,"k":0},"p":{"a":0,"k":[743.16,1223.11]},"r":{"a":0,"k":0},"sa":{"a":0,"k":0},"o":{"a":0,"k":100}}]},{"ty":"gr","bm":0,"it":[{"ty":"sh","bm":0,"d":1,"ks":{"a":0,"k":{"c":false,"i":[[0,0],[0,0]],"o":[[0,0],[0,0]],"v":[[-125.01,0],[125.01,0]]}}},{"ty":"st","bm":0,"lc":2,"lj":1,"ml":10,"o":{"a":0,"k":100},"w":{"a":0,"k":20},"c":{"a":0,"k":[0.89,0.89,0.89]}},{"ty":"tr","a":{"a":0,"k":[0,0]},"s":{"a":0,"k":[100,100]},"sk":{"a":0,"k":0},"p":{"a":0,"k":[723.73,984.58]},"r":{"a":0,"k":0},"sa":{"a":0,"k":0},"o":{"a":0,"k":100}}]},{"ty":"gr","bm":0,"it":[{"ty":"sh","bm":0,"d":1,"ks":{"a":0,"k":{"c":false,"i":[[0,0],[0,0]],"o":[[0,0],[0,0]],"v":[[-37.1,0],[37.1,0]]}}},{"ty":"st","bm":0,"lc":2,"lj":1,"ml":10,"o":{"a":0,"k":100},"w":{"a":0,"k":20},"c":{"a":0,"k":[0.89,0.89,0.89]}},{"ty":"tr","a":{"a":0,"k":[0,0]},"s":{"a":0,"k":[100,100]},"sk":{"a":0,"k":0},"p":{"a":0,"k":[915.87,984.58]},"r":{"a":0,"k":0},"sa":{"a":0,"k":0},"o":{"a":0,"k":100}}]}],"ind":2},{"ty":4,"sr":1,"st":0,"op":240,"ip":0,"ddd":0,"bm":0,"hasMask":false,"ao":0,"ks":{"a":{"a":0,"k":[0,0,0]},"s":{"a":0,"k":[100,100,100]},"sk":{"a":0,"k":0},"p":{"a":0,"k":[858.7,656.72,0]},"r":{"a":0,"k":0},"sa":{"a":0,"k":0},"o":{"a":0,"k":100}},"ef":[],"shapes":[{"ty":"gr","bm":0,"it":[{"ty":"sh","bm":0,"d":1,"ks":{"a":0,"k":{"c":true,"i":[[0,0],[0,0],[28.06,0],[0,0],[0,28.05],[0,0]],"o":[[0,0],[0,28.05],[0,0],[-28.06,0],[0,0],[0,0]],"v":[[337.03,-278.84],[337.03,228.04],[286.23,278.84],[-286.23,278.84],[-337.03,228.04],[-337.03,-278.84]]}}},{"ty":"st","bm":0,"lc":2,"lj":1,"ml":10,"o":{"a":0,"k":100},"w":{"a":0,"k":14},"c":{"a":0,"k":[0.102,0.102,0.102]}},{"ty":"fl","bm":0,"c":{"a":0,"k":[0.102,0.102,0.102]},"r":1,"o":{"a":0,"k":100}},{"ty":"tr","a":{"a":0,"k":[0,0]},"s":{"a":0,"k":[100,100]},"sk":{"a":0,"k":0},"p":{"a":0,"k":[0,0]},"r":{"a":0,"k":0},"sa":{"a":0,"k":0},"o":{"a":0,"k":100}}]}],"ind":3}],"v":"5.5.7","fr":60,"op":240,"ip":0,"assets":[]}