{"v":"5.4.2","fr":24,"ip":0,"op":144,"w":1366,"h":768,"ddd":0,"assets":[],"layers":[{"ddd":0,"ind":1,"ty":4,"sr":1,"ks":{"o":{"a":0,"k":100},"r":{"a":0,"k":0},"p":{"a":0,"k":[683.5,308.5,0]},"a":{"a":0,"k":[118.75,118.75,0]},"s":{"a":1,"k":[{"i":{"x":[0.67,0.67,0.67],"y":[1,1,1]},"o":{"x":[0.33,0.33,0.33],"y":[0,0,0]},"n":["0p667_1_0p333_0","0p667_1_0p333_0","0p667_1_0p333_0"],"t":0,"s":[94,94,100],"e":[107,107,100]},{"i":{"x":[0.67,0.67,0.67],"y":[1,1,1]},"o":{"x":[0.33,0.33,0.33],"y":[0,0,0]},"n":["0p667_1_0p333_0","0p667_1_0p333_0","0p667_1_0p333_0"],"t":36,"s":[107,107,100],"e":[95,95,100]},{"i":{"x":[0.67,0.67,0.67],"y":[1,1,1]},"o":{"x":[0.17,0.17,0.17],"y":[0,0,0]},"n":["0p667_1_0p167_0","0p667_1_0p167_0","0p667_1_0p167_0"],"t":73,"s":[95,95,100],"e":[107,107,100]},{"i":{"x":[0.67,0.67,0.67],"y":[1,1,1]},"o":{"x":[0.33,0.33,0.33],"y":[0,0,0]},"n":["0p667_1_0p333_0","0p667_1_0p333_0","0p667_1_0p333_0"],"t":108,"s":[107,107,100],"e":[95,95,100]},{"t":145}]}},"ao":0,"shapes":[{"ty":"gr","it":[{"ind":0,"ty":"sh","ks":{"a":0,"k":{"i":[[-65.45,0],[0,-65.45],[65.44,0],[0,65.45]],"o":[[65.44,0],[0,65.45],[-65.45,0],[0,-65.45]],"v":[[0,-118.5],[118.5,0],[0,118.5],[-118.5,0]],"c":true}}},{"ty":"fl","c":{"a":0,"k":[0.98,0.98,0.98]},"o":{"a":0,"k":100},"r":1},{"ty":"tr","p":{"a":0,"k":[118.75,118.75]},"a":{"a":0,"k":[0,0]},"s":{"a":0,"k":[100,100]},"r":{"a":0,"k":0},"o":{"a":0,"k":100},"sk":{"a":0,"k":0},"sa":{"a":0,"k":0}}]}],"ip":0,"op":147,"st":0,"bm":0},{"ddd":0,"ind":2,"ty":4,"sr":1,"ks":{"o":{"a":0,"k":100},"r":{"a":0,"k":0},"p":{"a":0,"k":[683,308,0]},"a":{"a":0,"k":[237.25,237.25,0]},"s":{"a":1,"k":[{"i":{"x":[0.67,0.67,0.67],"y":[1,1,1]},"o":{"x":[0.33,0.33,0.33],"y":[0,0,0]},"n":["0p667_1_0p333_0","0p667_1_0p333_0","0p667_1_0p333_0"],"t":0,"s":[92,92,100],"e":[100,100,100]},{"i":{"x":[0.83,0.83,0.83],"y":[1,1,1]},"o":{"x":[0.17,0.17,0.17],"y":[0,0,0]},"n":["0p833_1_0p167_0","0p833_1_0p167_0","0p833_1_0p167_0"],"t":108,"s":[100,100,100],"e":[100,100,100]},{"i":{"x":[0.83,0.83,0.83],"y":[1,1,1]},"o":{"x":[0.17,0.17,0.17],"y":[0,0,0]},"n":["0p833_1_0p167_0","0p833_1_0p167_0","0p833_1_0p167_0"],"t":109,"s":[100,100,100],"e":[105,105,100]},{"i":{"x":[0.67,0.67,0.67],"y":[1,1,1]},"o":{"x":[0.17,0.17,0.17],"y":[0,0,0]},"n":["0p667_1_0p167_0","0p667_1_0p167_0","0p667_1_0p167_0"],"t":112,"s":[105,105,100],"e":[92,92,100]},{"t":115}]}},"ao":0,"shapes":[{"ty":"gr","it":[{"ind":0,"ty":"sh","ks":{"a":0,"k":{"i":[[-130.89,0],[0,-130.89],[130.89,0],[0,130.89]],"o":[[130.89,0],[0,130.89],[-130.89,0],[0,-130.89]],"v":[[0,-237],[237,0],[0,237],[-237,0]],"c":true}}},{"ty":"fl","c":{"a":0,"k":[0.439,0.439,0.439]},"o":{"a":0,"k":100},"r":1},{"ty":"tr","p":{"a":0,"k":[237.25,237.25]},"a":{"a":0,"k":[0,0]},"s":{"a":0,"k":[100,100]},"r":{"a":0,"k":0},"o":{"a":0,"k":100},"sk":{"a":0,"k":0},"sa":{"a":0,"k":0}}]}],"ip":0,"op":147,"st":0,"bm":0},{"ddd":0,"ind":3,"ty":4,"sr":1,"ks":{"o":{"a":0,"k":100},"r":{"a":1,"k":[{"i":{"x":[0.83],"y":[0.83]},"o":{"x":[0.17],"y":[0.17]},"n":["0p833_0p833_0p167_0p167"],"t":70,"s":[45],"e":[0]},{"t":91}]},"p":{"a":1,"k":[{"i":{"x":0.67,"y":1},"o":{"x":0.33,"y":0},"n":"0p667_1_0p333_0","t":19,"s":[763.53,451.63,0],"e":[949.71,480.08,0],"to":[164.2,115.93,0],"ti":[-31.03,-4.74,0]},{"t":143}]},"a":{"a":0,"k":[20.51,20.51,0]},"s":{"a":1,"k":[{"i":{"x":[0.83,0.83,0.83],"y":[0.83,0.83,0.83]},"o":{"x":[0.17,0.17,0.17],"y":[0.17,0.17,0.17]},"n":["0p833_0p833_0p167_0p167","0p833_0p833_0p167_0p167","0p833_0p833_0p167_0p167"],"t":90,"s":[100,100,100],"e":[0,0,100]},{"t":143}]}},"ao":0,"shapes":[{"ty":"gr","it":[{"ind":0,"ty":"sh","ks":{"a":0,"k":{"i":[[0,0],[0,0],[0,0],[0,0]],"o":[[0,0],[0,0],[0,0],[0,0]],"v":[[0,-16.97],[16.97,0],[0,16.97],[-16.97,0]],"c":true}}},{"ty":"st","c":{"a":0,"k":[0.98,0.98,0.98]},"o":{"a":0,"k":100},"w":{"a":0,"k":5},"lc":1,"lj":1,"ml":4,"ml2":{"a":0,"k":4}},{"ty":"tr","p":{"a":0,"k":[20.51,20.51]},"a":{"a":0,"k":[0,0]},"s":{"a":0,"k":[100,100]},"r":{"a":0,"k":0},"o":{"a":0,"k":100},"sk":{"a":0,"k":0},"sa":{"a":0,"k":0}}]}],"ip":19,"op":166,"st":19,"bm":0},{"ddd":0,"ind":4,"ty":4,"sr":1,"ks":{"o":{"a":0,"k":100},"r":{"a":0,"k":0},"p":{"a":1,"k":[{"i":{"x":0.67,"y":1},"o":{"x":0.33,"y":0},"n":"0p667_1_0p333_0","t":0,"s":[851.34,192.94,0],"e":[931.5,164.5,0],"to":[13.36,-4.74,0],"ti":[-13.36,4.74,0]},{"i":{"x":0.67,"y":0.67},"o":{"x":0.33,"y":0.33},"n":"0p667_0p667_0p333_0p333","t":119,"s":[931.5,164.5,0],"e":[931.5,164.5,0],"to":[0,0,0],"ti":[0,0,0]},{"i":{"x":0.67,"y":1},"o":{"x":0.33,"y":0},"n":"0p667_1_0p333_0","t":120,"s":[931.5,164.5,0],"e":[1086.65,130.88,0],"to":[25.86,-5.6,0],"ti":[-25.86,5.6,0]},{"t":133}]},"a":{"a":0,"k":[11.5,11.5,0]},"s":{"a":1,"k":[{"i":{"x":[0.67,0.67,0.67],"y":[1,1,1]},"o":{"x":[0.33,0.33,0.33],"y":[0,0,0]},"n":["0p667_1_0p333_0","0p667_1_0p333_0","0p667_1_0p333_0"],"t":120,"s":[100,100,100],"e":[0,0,100]},{"t":127}]}},"ao":0,"shapes":[{"ty":"gr","it":[{"ind":0,"ty":"sh","ks":{"a":0,"k":{"i":[[-4.97,0],[0,-4.97],[4.97,0],[0,4.97]],"o":[[4.97,0],[0,4.97],[-4.97,0],[0,-4.97]],"v":[[0,-9],[9,0],[0,9],[-9,0]],"c":true}}},{"ty":"st","c":{"a":0,"k":[0.98,0.98,0.98]},"o":{"a":0,"k":100},"w":{"a":0,"k":5},"lc":1,"lj":1,"ml":4,"ml2":{"a":0,"k":4}},{"ty":"tr","p":{"a":0,"k":[11.5,11.5]},"a":{"a":0,"k":[0,0]},"s":{"a":0,"k":[100,100]},"r":{"a":0,"k":0},"o":{"a":0,"k":100},"sk":{"a":0,"k":0},"sa":{"a":0,"k":0}}]}],"ip":0,"op":147,"st":0,"bm":0},{"ddd":0,"ind":5,"ty":4,"sr":1,"ks":{"o":{"a":1,"k":[{"i":{"x":[0.83],"y":[0.83]},"o":{"x":[0.17],"y":[0.17]},"n":["0p833_0p833_0p167_0p167"],"t":132,"s":[100],"e":[0]},{"t":142}]},"r":{"a":1,"k":[{"i":{"x":[0.83],"y":[0.83]},"o":{"x":[0.17],"y":[0.17]},"n":["0p833_0p833_0p167_0p167"],"t":8,"s":[107],"e":[0]},{"t":110}]},"p":{"a":1,"k":[{"i":{"x":0.67,"y":0.92},"o":{"x":0.33,"y":0},"n":"0p667_0p918_0p333_0","t":51,"s":[599.75,129.36,0],"e":[468.51,135.87,0],"to":[-5.62,2.46,0],"ti":[5.22,-1.89,0]},{"i":{"x":0.67,"y":1},"o":{"x":0.33,"y":0.47},"n":"0p667_1_0p333_0p466","t":68,"s":[468.51,135.87,0],"e":[426.5,103.5,0],"to":[-100.92,36.6,0],"ti":[27.46,4.1,0]},{"t":141}]},"a":{"a":0,"k":[14.5,14.5,0]},"s":{"a":0,"k":[100,100,100]}},"ao":0,"shapes":[{"ty":"gr","it":[{"ind":0,"ty":"sh","ks":{"a":0,"k":{"i":[[0,0],[0,0],[0,0],[0,0]],"o":[[0,0],[0,0],[0,0],[0,0]],"v":[[12,12],[-12,12],[-12,-12],[12,-12]],"c":true}}},{"ty":"st","c":{"a":0,"k":[0.98,0.98,0.98]},"o":{"a":0,"k":100},"w":{"a":0,"k":5},"lc":1,"lj":1,"ml":4,"ml2":{"a":0,"k":4}},{"ty":"tr","p":{"a":0,"k":[14.5,14.5]},"a":{"a":0,"k":[0,0]},"s":{"a":0,"k":[100,100]},"r":{"a":0,"k":0},"o":{"a":0,"k":100},"sk":{"a":0,"k":0},"sa":{"a":0,"k":0}}]}],"ip":0,"op":147,"st":0,"bm":0},{"ddd":0,"ind":6,"ty":4,"sr":1,"ks":{"o":{"a":0,"k":100},"r":{"a":0,"k":0},"p":{"a":1,"k":[{"i":{"x":0.67,"y":1},"o":{"x":0.33,"y":0},"n":"0p667_1_0p333_0","t":0,"s":[513.4,336.69,0],"e":[331,272,0],"to":[-113.15,48.69,0],"ti":[30.4,10.78,0]},{"t":142}]},"a":{"a":0,"k":[15,15,0]},"s":{"a":1,"k":[{"i":{"x":[0,0,0.67],"y":[1,1,1]},"o":{"x":[0.33,0.33,0.33],"y":[0,0,0]},"n":["0_1_0p333_0","0_1_0p333_0","0p667_1_0p333_0"],"t":105,"s":[100,100,100],"e":[0,0,100]},{"t":116}]}},"ao":0,"shapes":[{"ty":"gr","it":[{"ind":0,"ty":"sh","ks":{"a":0,"k":{"i":[[-6.9,0],[0,-6.9],[6.9,0],[0,6.9]],"o":[[6.9,0],[0,6.9],[-6.9,0],[0,-6.9]],"v":[[0,-12.5],[12.5,0],[0,12.5],[-12.5,0]],"c":true}}},{"ty":"st","c":{"a":0,"k":[0.98,0.98,0.98]},"o":{"a":0,"k":100},"w":{"a":0,"k":5},"lc":1,"lj":1,"ml":4,"ml2":{"a":0,"k":4}},{"ty":"tr","p":{"a":0,"k":[15,15]},"a":{"a":0,"k":[0,0]},"s":{"a":0,"k":[100,100]},"r":{"a":0,"k":0},"o":{"a":0,"k":100},"sk":{"a":0,"k":0},"sa":{"a":0,"k":0}}]}],"ip":0,"op":147,"st":0,"bm":0}],"markers":[]}