{"v":"4.8.0","meta":{"g":"LottieFiles AE 1.0.0","a":"","k":"","d":"","tc":""},"fr":30,"ip":0,"op":30,"w":182,"h":182,"ddd":0,"assets":[],"layers":[{"ddd":0,"ind":1,"ty":4,"sr":1,"ks":{"o":{"a":0,"k":40},"r":{"a":0,"k":0},"p":{"a":0,"k":[100.76,80.96,0]},"a":{"a":0,"k":[0,0,0]},"s":{"a":0,"k":[100,100,100]}},"ao":0,"shapes":[{"ty":"gr","it":[{"ind":0,"ty":"sh","ks":{"a":1,"k":[{"i":{"x":0.83,"y":0.83},"o":{"x":0.17,"y":0.17},"t":18,"s":[{"i":[[0,0],[0,0],[0,0]],"o":[[0,0],[0,0],[0,0]],"v":[[-2.24,-11.14],[2.24,-11.14],[-1.53,-11.13]],"c":true}]},{"t":19,"s":[{"i":[[0,0],[0,0],[0,0]],"o":[[0,0],[0,0],[0,0]],"v":[[-2.24,-11.14],[2.24,-11.14],[-2.24,11.15]],"c":true}]}]}},{"ty":"fl","c":{"a":0,"k":[0.290196090937,0,0,0.20000000298]},"o":{"a":0,"k":20},"r":1,"bm":0},{"ty":"tr","p":{"a":0,"k":[0,0]},"a":{"a":0,"k":[0,0]},"s":{"a":0,"k":[100,100]},"r":{"a":0,"k":-45},"o":{"a":0,"k":100},"sk":{"a":0,"k":0},"sa":{"a":0,"k":0}}],"bm":0}],"ip":18,"op":168,"st":28,"bm":0},{"ddd":0,"ind":2,"ty":4,"sr":1,"ks":{"o":{"a":0,"k":100},"r":{"a":0,"k":0},"p":{"a":0,"k":[91.46,90.28,0]},"a":{"a":0,"k":[0,0,0]},"s":{"a":0,"k":[100,100,100]}},"ao":0,"shapes":[{"ty":"gr","it":[{"ind":0,"ty":"sh","ks":{"a":1,"k":[{"i":{"x":0.67,"y":1},"o":{"x":0.17,"y":0.17},"t":15,"s":[{"i":[[0,0],[0,0],[0,0],[0,0]],"o":[[0,0],[0,0],[0,0],[0,0]],"v":[[-59.15,-11.16],[-59.17,-10.98],[-59.17,11.31],[-59.15,11.13]],"c":true}]},{"i":{"x":0.67,"y":1},"o":{"x":0.33,"y":0},"t":22,"s":[{"i":[[0,0],[0,0],[0,0],[0,0]],"o":[[0,0],[0,0],[0,0],[0,0]],"v":[[-52.61,-11.28],[74.56,-11.24],[74.56,11.05],[-52.61,11.01]],"c":true}]},{"t":25,"s":[{"i":[[0,0],[0,0],[0,0],[0,0]],"o":[[0,0],[0,0],[0,0],[0,0]],"v":[[-59.15,-11.16],[59,-11.14],[59,11.15],[-59.15,11.13]],"c":true}]}]}},{"ty":"rd","r":{"a":0,"k":7.43}},{"ty":"fl","c":{"a":0,"k":[0.96862745285,0.368627458811,0.372549027205,1]},"o":{"a":0,"k":100},"r":1,"bm":0},{"ty":"tr","p":{"a":0,"k":[-41.82,-41.66]},"a":{"a":0,"k":[-59.03,0.11]},"s":{"a":0,"k":[100,100]},"r":{"a":0,"k":-315},"o":{"a":0,"k":100},"sk":{"a":0,"k":0},"sa":{"a":0,"k":0}}],"bm":0}],"ip":15,"op":165,"st":6,"bm":0},{"ddd":0,"ind":3,"ty":4,"sr":1,"ks":{"o":{"a":0,"k":100},"r":{"a":0,"k":0},"p":{"a":0,"k":[91.46,90.28,0]},"a":{"a":0,"k":[0,0,0]},"s":{"a":0,"k":[100,100,100]}},"ao":0,"shapes":[{"ty":"gr","it":[{"ind":0,"ty":"sh","ks":{"a":1,"k":[{"i":{"x":0.67,"y":1},"o":{"x":0.17,"y":0.17},"t":10,"s":[{"i":[[0,0],[0,0],[0,0],[0,0]],"o":[[0,0],[0,0],[0,0],[0,0]],"v":[[58.91,-10.97],[59,-11.14],[59,11.15],[58.91,11.32]],"c":true}]},{"i":{"x":0.67,"y":1},"o":{"x":0.33,"y":0},"t":16,"s":[{"i":[[0,0],[0,0],[0,0],[0,0]],"o":[[0,0],[0,0],[0,0],[0,0]],"v":[[-66.95,-11.32],[59,-11.14],[59,11.15],[-66.95,10.97]],"c":true}]},{"t":19,"s":[{"i":[[0,0],[0,0],[0,0],[0,0]],"o":[[0,0],[0,0],[0,0],[0,0]],"v":[[-59,-11.14],[59,-11.14],[59,11.15],[-59,11.15]],"c":true}]}]}},{"ty":"rd","r":{"a":0,"k":7.43}},{"ty":"fl","c":{"a":0,"k":[1,0.568627476692,0.57647061348,1]},"o":{"a":0,"k":100},"r":1,"bm":0},{"ty":"tr","p":{"a":0,"k":[41.76,-41.55]},"a":{"a":0,"k":[58.91,0.14]},"s":{"a":0,"k":[100,100]},"r":{"a":0,"k":-45},"o":{"a":0,"k":100},"sk":{"a":0,"k":0},"sa":{"a":0,"k":0}}],"bm":0}],"ip":10,"op":160,"st":10,"bm":0},{"ddd":0,"ind":4,"ty":1,"sr":1,"ks":{"o":{"a":0,"k":100},"r":{"a":0,"k":0},"p":{"a":0,"k":[91,91,0]},"a":{"a":0,"k":[50,50,0]},"s":{"a":0,"k":[182,182,100]}},"ao":0,"hasMask":true,"masksProperties":[{"inv":false,"mode":"a","pt":{"a":1,"k":[{"i":{"x":0.1,"y":1},"o":{"x":0.9,"y":0},"t":0,"s":[{"i":[[-28.5,0.5],[0,-27.61],[-27.61,0],[0,27.61]],"o":[[-27.61,0],[0,27.61],[-28.5,-0.5],[0,-27.61]],"v":[[50,0],[0,50],[50,100],[0,50]],"c":true}]},{"t":11,"s":[{"i":[[27.61,0],[0,-27.61],[-27.61,0],[0,27.61]],"o":[[-27.61,0],[0,27.61],[27.61,0],[0,-27.61]],"v":[[50,0],[0,50],[50,100],[100,50]],"c":true}]}]},"o":{"a":0,"k":100},"x":{"a":0,"k":0}}],"sw":100,"sh":100,"sc":"#ffe5e9","ip":0,"op":900,"st":0,"bm":0}],"markers":[]}