{"ddd":0,"h":140,"w":140,"meta":{"g":"LottieFiles AE 3.1.1"},"layers":[{"ty":4,"sr":1,"st":0,"op":600,"ip":0,"ddd":0,"bm":0,"hasMask":false,"ao":0,"ks":{"a":{"a":0,"k":[10.75,9.25,0]},"s":{"a":0,"k":[220,220,100]},"sk":{"a":0,"k":0},"p":{"a":0,"k":[71.65,69.45,0]},"r":{"a":0,"k":0},"sa":{"a":0,"k":0},"o":{"a":1,"k":[{"o":{"x":1,"y":0},"i":{"x":0.67,"y":1},"s":[100],"t":0},{"o":{"x":1,"y":0},"i":{"x":0.67,"y":1},"s":[0],"t":15},{"s":[100],"t":30}]}},"ef":[],"shapes":[{"ty":"sh","bm":0,"d":1,"ks":{"a":0,"k":{"c":false,"i":[[0,0],[0,0]],"o":[[0,0],[0,0]],"v":[[9.25,9.25],[12.25,9.25]]}}},{"ty":"st","bm":0,"lc":2,"lj":2,"ml":1,"o":{"a":0,"k":100},"w":{"a":0,"k":1.5},"c":{"a":0,"k":[0.4745,0.4745,0.4745]}}],"ind":1},{"ty":4,"sr":1,"st":0,"op":600,"ip":0,"ddd":0,"bm":0,"hasMask":false,"ao":0,"ks":{"a":{"a":0,"k":[10,9.25,0]},"s":{"a":0,"k":[220,220,100]},"sk":{"a":0,"k":0},"p":{"a":0,"k":[70,69.45,0]},"r":{"a":0,"k":0},"sa":{"a":0,"k":0},"o":{"a":0,"k":100}},"ef":[],"shapes":[{"ty":"sh","bm":0,"d":1,"ks":{"a":0,"k":{"c":false,"i":[[0,0],[0,0],[0,0]],"o":[[0,0],[0,0],[0,0]],"v":[[4.75,4.75],[7.75,7],[4.75,9.25]]}}},{"ty":"st","bm":0,"lc":2,"lj":2,"ml":1,"o":{"a":0,"k":100},"w":{"a":0,"k":1.5},"c":{"a":0,"k":[0.7961,0.7961,0.7961]}},{"ty":"sh","bm":0,"d":1,"ks":{"a":0,"k":{"c":true,"i":[[-0.6,0],[0,0],[-0.42,0.42],[0,0.6],[0,0],[0.42,0.42],[0.6,0],[0,0],[0.42,-0.42],[0,-0.6],[0,0],[-0.42,-0.42]],"o":[[0,0],[0.6,0],[0.42,-0.42],[0,0],[0,-0.6],[-0.42,-0.42],[0,0],[-0.6,0],[-0.42,0.42],[0,0],[0,0.6],[0.42,0.42]],"v":[[3.25,17.5],[16.75,17.5],[18.34,16.84],[19,15.25],[19,3.25],[18.34,1.66],[16.75,1],[3.25,1],[1.66,1.66],[1,3.25],[1,15.25],[1.66,16.84]]}}},{"ty":"st","bm":0,"lc":2,"lj":2,"ml":1,"o":{"a":0,"k":100},"w":{"a":0,"k":1.5},"c":{"a":0,"k":[0.7961,0.7961,0.7961]}}],"ind":2}],"v":"4.8.0","fr":29.97,"op":600,"ip":0,"assets":[]}