{"ddd":0,"h":256,"w":256,"meta":{"g":"LottieFiles AE 0.1.20"},"layers":[{"ty":4,"sr":1,"st":0,"op":218,"ip":88,"ddd":0,"bm":0,"hasMask":false,"ao":0,"ks":{"a":{"a":0,"k":[153.98,143,0]},"s":{"a":0,"k":[100,100,100]},"sk":{"a":0,"k":0},"p":{"a":1,"k":[{"o":{"x":0.8,"y":0},"i":{"x":0.2,"y":1},"s":[153.98,113,0],"t":88,"ti":[0,0,0],"to":[0,0,0]},{"s":[128,128,0],"t":109}]},"r":{"a":0,"k":0},"sa":{"a":0,"k":0},"o":{"a":0,"k":100}},"ef":[],"shapes":[{"ty":"gr","bm":0,"it":[{"ty":"gr","bm":0,"it":[{"ty":"sh","bm":0,"d":1,"ks":{"a":0,"k":{"c":true,"i":[[0,0],[0,0],[0,0],[0,0]],"o":[[0,0],[0,0],[0,0],[0,0]],"v":[[8.66,-5],[-8.66,-15],[-8.66,5],[8.66,15]]}}},{"ty":"st","bm":0,"lc":2,"lj":2,"ml":1,"o":{"a":0,"k":100},"w":{"a":0,"k":3},"c":{"a":0,"k":[0.102,0.102,0.102]}},{"ty":"fl","bm":0,"c":{"a":0,"k":[0.8902,0.8902,0.8902]},"r":1,"o":{"a":0,"k":100}},{"ty":"tr","a":{"a":0,"k":[0,0]},"s":{"a":0,"k":[100,100]},"sk":{"a":0,"k":0},"p":{"a":0,"k":[145.32,148]},"r":{"a":0,"k":0},"sa":{"a":0,"k":0},"o":{"a":0,"k":100}}]},{"ty":"gr","bm":0,"it":[{"ty":"sh","bm":0,"d":1,"ks":{"a":0,"k":{"c":true,"i":[[0,0],[0,0],[0,0],[0,0]],"o":[[0,0],[0,0],[0,0],[0,0]],"v":[[8.66,-15],[-8.66,-5],[-8.66,15],[8.66,5]]}}},{"ty":"st","bm":0,"lc":2,"lj":2,"ml":1,"o":{"a":0,"k":100},"w":{"a":0,"k":3},"c":{"a":0,"k":[0.102,0.102,0.102]}},{"ty":"fl","bm":0,"c":{"a":0,"k":[0.8902,0.8902,0.8902]},"r":1,"o":{"a":0,"k":100}},{"ty":"tr","a":{"a":0,"k":[0,0]},"s":{"a":0,"k":[100,100]},"sk":{"a":0,"k":0},"p":{"a":0,"k":[162.64,148]},"r":{"a":0,"k":0},"sa":{"a":0,"k":0},"o":{"a":0,"k":100}}]},{"ty":"gr","bm":0,"it":[{"ty":"sh","bm":0,"d":1,"ks":{"a":0,"k":{"c":true,"i":[[0,0],[0,0],[0,0],[0,0]],"o":[[0,0],[0,0],[0,0],[0,0]],"v":[[0,-10],[-17.32,0],[0,10],[17.32,0]]}}},{"ty":"st","bm":0,"lc":2,"lj":2,"ml":1,"o":{"a":0,"k":100},"w":{"a":0,"k":3},"c":{"a":0,"k":[0.102,0.102,0.102]}},{"ty":"fl","bm":0,"c":{"a":0,"k":[0.8902,0.8902,0.8902]},"r":1,"o":{"a":0,"k":100}},{"ty":"tr","a":{"a":0,"k":[0,0]},"s":{"a":0,"k":[100,100]},"sk":{"a":0,"k":0},"p":{"a":0,"k":[153.98,133]},"r":{"a":0,"k":0},"sa":{"a":0,"k":0},"o":{"a":0,"k":100}}]},{"ty":"tr","a":{"a":0,"k":[153.98,133]},"s":{"a":0,"k":[100,100]},"sk":{"a":0,"k":0},"p":{"a":0,"k":[153.98,133]},"r":{"a":0,"k":0},"sa":{"a":0,"k":0},"o":{"a":0,"k":100}}]}],"ind":1},{"ty":4,"sr":1,"st":0,"op":180,"ip":0,"ddd":0,"bm":0,"hasMask":false,"ao":0,"ks":{"a":{"a":0,"k":[153.98,113,0]},"s":{"a":0,"k":[100,100,100]},"sk":{"a":0,"k":0},"p":{"a":1,"k":[{"o":{"x":0.8,"y":0},"i":{"x":0.2,"y":1},"s":[153.98,113,0],"t":0,"ti":[0,0,0],"to":[0,0,0]},{"o":{"x":0.8,"y":0.8},"i":{"x":0.2,"y":0.2},"s":[128,128,0],"t":21,"ti":[0,0,0],"to":[0,0,0]},{"o":{"x":0.8,"y":0},"i":{"x":0.2,"y":1},"s":[128,128,0],"t":77,"ti":[0,0,0],"to":[0,0,0]},{"s":[102.02,113,0],"t":98}]},"r":{"a":0,"k":0},"sa":{"a":0,"k":0},"o":{"a":0,"k":100}},"ef":[],"shapes":[{"ty":"gr","bm":0,"it":[{"ty":"gr","bm":0,"it":[{"ty":"sh","bm":0,"d":1,"ks":{"a":0,"k":{"c":true,"i":[[0,0],[0,0],[0,0],[0,0]],"o":[[0,0],[0,0],[0,0],[0,0]],"v":[[8.66,-5],[-8.66,-15],[-8.66,5],[8.66,15]]}}},{"ty":"st","bm":0,"lc":2,"lj":2,"ml":1,"o":{"a":0,"k":100},"w":{"a":0,"k":3},"c":{"a":0,"k":[0.102,0.102,0.102]}},{"ty":"fl","bm":0,"c":{"a":0,"k":[0.8902,0.8902,0.8902]},"r":1,"o":{"a":0,"k":100}},{"ty":"tr","a":{"a":0,"k":[0,0]},"s":{"a":0,"k":[100,100]},"sk":{"a":0,"k":0},"p":{"a":0,"k":[145.32,118]},"r":{"a":0,"k":0},"sa":{"a":0,"k":0},"o":{"a":0,"k":100}}]},{"ty":"gr","bm":0,"it":[{"ty":"sh","bm":0,"d":1,"ks":{"a":0,"k":{"c":true,"i":[[0,0],[0,0],[0,0],[0,0]],"o":[[0,0],[0,0],[0,0],[0,0]],"v":[[8.66,-15],[-8.66,-5],[-8.66,15],[8.66,5]]}}},{"ty":"st","bm":0,"lc":2,"lj":2,"ml":1,"o":{"a":0,"k":100},"w":{"a":0,"k":3},"c":{"a":0,"k":[0.102,0.102,0.102]}},{"ty":"fl","bm":0,"c":{"a":0,"k":[0.8902,0.8902,0.8902]},"r":1,"o":{"a":0,"k":100}},{"ty":"tr","a":{"a":0,"k":[0,0]},"s":{"a":0,"k":[100,100]},"sk":{"a":0,"k":0},"p":{"a":0,"k":[162.64,118]},"r":{"a":0,"k":0},"sa":{"a":0,"k":0},"o":{"a":0,"k":100}}]},{"ty":"gr","bm":0,"it":[{"ty":"sh","bm":0,"d":1,"ks":{"a":0,"k":{"c":true,"i":[[0,0],[0,0],[0,0],[0,0]],"o":[[0,0],[0,0],[0,0],[0,0]],"v":[[0,-10],[-17.32,0],[0,10],[17.32,0]]}}},{"ty":"st","bm":0,"lc":2,"lj":2,"ml":1,"o":{"a":0,"k":100},"w":{"a":0,"k":3},"c":{"a":0,"k":[0.102,0.102,0.102]}},{"ty":"fl","bm":0,"c":{"a":0,"k":[0.8902,0.8902,0.8902]},"r":1,"o":{"a":0,"k":100}},{"ty":"tr","a":{"a":0,"k":[0,0]},"s":{"a":0,"k":[100,100]},"sk":{"a":0,"k":0},"p":{"a":0,"k":[153.98,103]},"r":{"a":0,"k":0},"sa":{"a":0,"k":0},"o":{"a":0,"k":100}}]},{"ty":"tr","a":{"a":0,"k":[153.98,103]},"s":{"a":0,"k":[100,100]},"sk":{"a":0,"k":0},"p":{"a":0,"k":[153.98,103]},"r":{"a":0,"k":0},"sa":{"a":0,"k":0},"o":{"a":0,"k":100}}]}],"ind":2},{"ty":4,"sr":1,"st":0,"op":77,"ip":0,"ddd":0,"bm":0,"hasMask":false,"ao":0,"ks":{"a":{"a":0,"k":[102.02,113,0]},"s":{"a":0,"k":[100,100,100]},"sk":{"a":0,"k":0},"p":{"a":1,"k":[{"o":{"x":0.8,"y":0},"i":{"x":0.2,"y":1},"s":[102.02,113,0],"t":66,"ti":[0,0,0],"to":[0,0,0]},{"s":[128,98,0],"t":87}]},"r":{"a":0,"k":0},"sa":{"a":0,"k":0},"o":{"a":0,"k":100}},"ef":[],"shapes":[{"ty":"gr","bm":0,"it":[{"ty":"gr","bm":0,"it":[{"ty":"sh","bm":0,"d":1,"ks":{"a":0,"k":{"c":true,"i":[[0,0],[0,0],[0,0],[0,0]],"o":[[0,0],[0,0],[0,0],[0,0]],"v":[[8.66,-5],[-8.66,-15],[-8.66,5],[8.66,15]]}}},{"ty":"st","bm":0,"lc":2,"lj":2,"ml":1,"o":{"a":0,"k":100},"w":{"a":0,"k":3},"c":{"a":0,"k":[0.102,0.102,0.102]}},{"ty":"fl","bm":0,"c":{"a":0,"k":[0.8902,0.8902,0.8902]},"r":1,"o":{"a":0,"k":100}},{"ty":"tr","a":{"a":0,"k":[0,0]},"s":{"a":0,"k":[100,100]},"sk":{"a":0,"k":0},"p":{"a":0,"k":[93.36,118]},"r":{"a":0,"k":0},"sa":{"a":0,"k":0},"o":{"a":0,"k":100}}]},{"ty":"gr","bm":0,"it":[{"ty":"sh","bm":0,"d":1,"ks":{"a":0,"k":{"c":true,"i":[[0,0],[0,0],[0,0],[0,0]],"o":[[0,0],[0,0],[0,0],[0,0]],"v":[[8.66,-15],[-8.66,-5],[-8.66,15],[8.66,5]]}}},{"ty":"st","bm":0,"lc":2,"lj":2,"ml":1,"o":{"a":0,"k":100},"w":{"a":0,"k":3},"c":{"a":0,"k":[0.102,0.102,0.102]}},{"ty":"fl","bm":0,"c":{"a":0,"k":[0.8902,0.8902,0.8902]},"r":1,"o":{"a":0,"k":100}},{"ty":"tr","a":{"a":0,"k":[0,0]},"s":{"a":0,"k":[100,100]},"sk":{"a":0,"k":0},"p":{"a":0,"k":[110.68,118]},"r":{"a":0,"k":0},"sa":{"a":0,"k":0},"o":{"a":0,"k":100}}]},{"ty":"gr","bm":0,"it":[{"ty":"sh","bm":0,"d":1,"ks":{"a":0,"k":{"c":true,"i":[[0,0],[0,0],[0,0],[0,0]],"o":[[0,0],[0,0],[0,0],[0,0]],"v":[[0,-10],[-17.32,0],[0,10],[17.32,0]]}}},{"ty":"st","bm":0,"lc":2,"lj":2,"ml":1,"o":{"a":0,"k":100},"w":{"a":0,"k":3},"c":{"a":0,"k":[0.102,0.102,0.102]}},{"ty":"fl","bm":0,"c":{"a":0,"k":[0.8902,0.8902,0.8902]},"r":1,"o":{"a":0,"k":100}},{"ty":"tr","a":{"a":0,"k":[0,0]},"s":{"a":0,"k":[100,100]},"sk":{"a":0,"k":0},"p":{"a":0,"k":[102.02,103]},"r":{"a":0,"k":0},"sa":{"a":0,"k":0},"o":{"a":0,"k":100}}]},{"ty":"tr","a":{"a":0,"k":[102.02,103]},"s":{"a":0,"k":[100,100]},"sk":{"a":0,"k":0},"p":{"a":0,"k":[102.02,103]},"r":{"a":0,"k":0},"sa":{"a":0,"k":0},"o":{"a":0,"k":100}}]}],"ind":3},{"ty":4,"sr":1,"st":0,"op":33,"ip":0,"ddd":0,"bm":0,"hasMask":false,"ao":0,"ks":{"a":{"a":0,"k":[128,158,0]},"s":{"a":0,"k":[100,100,100]},"sk":{"a":0,"k":0},"p":{"a":1,"k":[{"o":{"x":0.8,"y":0},"i":{"x":0.2,"y":1},"s":[128,158,0],"t":22,"ti":[0,0,0],"to":[0,0,0]},{"s":[153.98,143,0],"t":43}]},"r":{"a":0,"k":0},"sa":{"a":0,"k":0},"o":{"a":0,"k":100}},"ef":[],"shapes":[{"ty":"gr","bm":0,"it":[{"ty":"gr","bm":0,"it":[{"ty":"sh","bm":0,"d":1,"ks":{"a":0,"k":{"c":true,"i":[[0,0],[0,0],[0,0],[0,0]],"o":[[0,0],[0,0],[0,0],[0,0]],"v":[[8.66,-5],[-8.66,-15],[-8.66,5],[8.66,15]]}}},{"ty":"st","bm":0,"lc":2,"lj":2,"ml":1,"o":{"a":0,"k":100},"w":{"a":0,"k":3},"c":{"a":0,"k":[0.102,0.102,0.102]}},{"ty":"fl","bm":0,"c":{"a":0,"k":[0.8902,0.8902,0.8902]},"r":1,"o":{"a":0,"k":100}},{"ty":"tr","a":{"a":0,"k":[0,0]},"s":{"a":0,"k":[100,100]},"sk":{"a":0,"k":0},"p":{"a":0,"k":[119.34,163]},"r":{"a":0,"k":0},"sa":{"a":0,"k":0},"o":{"a":0,"k":100}}]},{"ty":"gr","bm":0,"it":[{"ty":"sh","bm":0,"d":1,"ks":{"a":0,"k":{"c":true,"i":[[0,0],[0,0],[0,0],[0,0]],"o":[[0,0],[0,0],[0,0],[0,0]],"v":[[8.66,-15],[-8.66,-5],[-8.66,15],[8.66,5]]}}},{"ty":"st","bm":0,"lc":2,"lj":2,"ml":1,"o":{"a":0,"k":100},"w":{"a":0,"k":3},"c":{"a":0,"k":[0.102,0.102,0.102]}},{"ty":"fl","bm":0,"c":{"a":0,"k":[0.8902,0.8902,0.8902]},"r":1,"o":{"a":0,"k":100}},{"ty":"tr","a":{"a":0,"k":[0,0]},"s":{"a":0,"k":[100,100]},"sk":{"a":0,"k":0},"p":{"a":0,"k":[136.66,163]},"r":{"a":0,"k":0},"sa":{"a":0,"k":0},"o":{"a":0,"k":100}}]},{"ty":"gr","bm":0,"it":[{"ty":"sh","bm":0,"d":1,"ks":{"a":0,"k":{"c":true,"i":[[0,0],[0,0],[0,0],[0,0]],"o":[[0,0],[0,0],[0,0],[0,0]],"v":[[0,-10],[-17.32,0],[0,10],[17.32,0]]}}},{"ty":"st","bm":0,"lc":2,"lj":2,"ml":1,"o":{"a":0,"k":100},"w":{"a":0,"k":3},"c":{"a":0,"k":[0.102,0.102,0.102]}},{"ty":"fl","bm":0,"c":{"a":0,"k":[0.8902,0.8902,0.8902]},"r":1,"o":{"a":0,"k":100}},{"ty":"tr","a":{"a":0,"k":[0,0]},"s":{"a":0,"k":[100,100]},"sk":{"a":0,"k":0},"p":{"a":0,"k":[128,148]},"r":{"a":0,"k":0},"sa":{"a":0,"k":0},"o":{"a":0,"k":100}}]},{"ty":"tr","a":{"a":0,"k":[128,148]},"s":{"a":0,"k":[100,100]},"sk":{"a":0,"k":0},"p":{"a":0,"k":[128,148]},"r":{"a":0,"k":0},"sa":{"a":0,"k":0},"o":{"a":0,"k":100}}]}],"ind":4},{"ty":4,"sr":1,"st":0,"op":180,"ip":0,"ddd":0,"bm":0,"hasMask":false,"ao":0,"ks":{"a":{"a":0,"k":[102.02,143,0]},"s":{"a":0,"k":[100,100,100]},"sk":{"a":0,"k":0},"p":{"a":1,"k":[{"o":{"x":0.8,"y":0},"i":{"x":0.2,"y":1},"s":[102.02,143,0],"t":33,"ti":[0,0,0],"to":[0,0,0]},{"s":[128,158,0],"t":54}]},"r":{"a":0,"k":0},"sa":{"a":0,"k":0},"o":{"a":0,"k":100}},"ef":[],"shapes":[{"ty":"gr","bm":0,"it":[{"ty":"gr","bm":0,"it":[{"ty":"sh","bm":0,"d":1,"ks":{"a":0,"k":{"c":true,"i":[[0,0],[0,0],[0,0],[0,0]],"o":[[0,0],[0,0],[0,0],[0,0]],"v":[[8.66,-5],[-8.66,-15],[-8.66,5],[8.66,15]]}}},{"ty":"st","bm":0,"lc":2,"lj":2,"ml":1,"o":{"a":0,"k":100},"w":{"a":0,"k":3},"c":{"a":0,"k":[0.102,0.102,0.102]}},{"ty":"fl","bm":0,"c":{"a":0,"k":[0.8902,0.8902,0.8902]},"r":1,"o":{"a":0,"k":100}},{"ty":"tr","a":{"a":0,"k":[0,0]},"s":{"a":0,"k":[100,100]},"sk":{"a":0,"k":0},"p":{"a":0,"k":[93.36,148]},"r":{"a":0,"k":0},"sa":{"a":0,"k":0},"o":{"a":0,"k":100}}]},{"ty":"gr","bm":0,"it":[{"ty":"sh","bm":0,"d":1,"ks":{"a":0,"k":{"c":true,"i":[[0,0],[0,0],[0,0],[0,0]],"o":[[0,0],[0,0],[0,0],[0,0]],"v":[[8.66,-15],[-8.66,-5],[-8.66,15],[8.66,5]]}}},{"ty":"st","bm":0,"lc":2,"lj":2,"ml":1,"o":{"a":0,"k":100},"w":{"a":0,"k":3},"c":{"a":0,"k":[0.102,0.102,0.102]}},{"ty":"fl","bm":0,"c":{"a":0,"k":[0.8902,0.8902,0.8902]},"r":1,"o":{"a":0,"k":100}},{"ty":"tr","a":{"a":0,"k":[0,0]},"s":{"a":0,"k":[100,100]},"sk":{"a":0,"k":0},"p":{"a":0,"k":[110.68,148]},"r":{"a":0,"k":0},"sa":{"a":0,"k":0},"o":{"a":0,"k":100}}]},{"ty":"gr","bm":0,"it":[{"ty":"sh","bm":0,"d":1,"ks":{"a":0,"k":{"c":true,"i":[[0,0],[0,0],[0,0],[0,0]],"o":[[0,0],[0,0],[0,0],[0,0]],"v":[[0,-10],[-17.32,0],[0,10],[17.32,0]]}}},{"ty":"st","bm":0,"lc":2,"lj":2,"ml":1,"o":{"a":0,"k":100},"w":{"a":0,"k":3},"c":{"a":0,"k":[0.102,0.102,0.102]}},{"ty":"fl","bm":0,"c":{"a":0,"k":[0.8902,0.8902,0.8902]},"r":1,"o":{"a":0,"k":100}},{"ty":"tr","a":{"a":0,"k":[0,0]},"s":{"a":0,"k":[100,100]},"sk":{"a":0,"k":0},"p":{"a":0,"k":[102.02,133]},"r":{"a":0,"k":0},"sa":{"a":0,"k":0},"o":{"a":0,"k":100}}]},{"ty":"tr","a":{"a":0,"k":[102.02,133]},"s":{"a":0,"k":[100,100]},"sk":{"a":0,"k":0},"p":{"a":0,"k":[102.02,133]},"r":{"a":0,"k":0},"sa":{"a":0,"k":0},"o":{"a":0,"k":100}}]}],"ind":5},{"ty":4,"sr":1,"st":0,"op":88,"ip":0,"ddd":0,"bm":0,"hasMask":false,"ao":0,"ks":{"a":{"a":0,"k":[153.98,143,0]},"s":{"a":0,"k":[100,100,100]},"sk":{"a":0,"k":0},"p":{"a":1,"k":[{"o":{"x":0.8,"y":0},"i":{"x":0.2,"y":1},"s":[153.98,143,0],"t":11,"ti":[0,0,0],"to":[0,0,0]},{"o":{"x":0.8,"y":0.8},"i":{"x":0.2,"y":0.2},"s":[153.98,113,0],"t":32,"ti":[0,0,0],"to":[0,0,0]},{"o":{"x":0.8,"y":0},"i":{"x":0.2,"y":1},"s":[153.98,113,0],"t":88,"ti":[0,0,0],"to":[0,0,0]},{"s":[128,128,0],"t":109}]},"r":{"a":0,"k":0},"sa":{"a":0,"k":0},"o":{"a":0,"k":100}},"ef":[],"shapes":[{"ty":"gr","bm":0,"it":[{"ty":"gr","bm":0,"it":[{"ty":"sh","bm":0,"d":1,"ks":{"a":0,"k":{"c":true,"i":[[0,0],[0,0],[0,0],[0,0]],"o":[[0,0],[0,0],[0,0],[0,0]],"v":[[8.66,-5],[-8.66,-15],[-8.66,5],[8.66,15]]}}},{"ty":"st","bm":0,"lc":2,"lj":2,"ml":1,"o":{"a":0,"k":100},"w":{"a":0,"k":3},"c":{"a":0,"k":[0.102,0.102,0.102]}},{"ty":"fl","bm":0,"c":{"a":0,"k":[0.8902,0.8902,0.8902]},"r":1,"o":{"a":0,"k":100}},{"ty":"tr","a":{"a":0,"k":[0,0]},"s":{"a":0,"k":[100,100]},"sk":{"a":0,"k":0},"p":{"a":0,"k":[145.32,148]},"r":{"a":0,"k":0},"sa":{"a":0,"k":0},"o":{"a":0,"k":100}}]},{"ty":"gr","bm":0,"it":[{"ty":"sh","bm":0,"d":1,"ks":{"a":0,"k":{"c":true,"i":[[0,0],[0,0],[0,0],[0,0]],"o":[[0,0],[0,0],[0,0],[0,0]],"v":[[8.66,-15],[-8.66,-5],[-8.66,15],[8.66,5]]}}},{"ty":"st","bm":0,"lc":2,"lj":2,"ml":1,"o":{"a":0,"k":100},"w":{"a":0,"k":3},"c":{"a":0,"k":[0.102,0.102,0.102]}},{"ty":"fl","bm":0,"c":{"a":0,"k":[0.8902,0.8902,0.8902]},"r":1,"o":{"a":0,"k":100}},{"ty":"tr","a":{"a":0,"k":[0,0]},"s":{"a":0,"k":[100,100]},"sk":{"a":0,"k":0},"p":{"a":0,"k":[162.64,148]},"r":{"a":0,"k":0},"sa":{"a":0,"k":0},"o":{"a":0,"k":100}}]},{"ty":"gr","bm":0,"it":[{"ty":"sh","bm":0,"d":1,"ks":{"a":0,"k":{"c":true,"i":[[0,0],[0,0],[0,0],[0,0]],"o":[[0,0],[0,0],[0,0],[0,0]],"v":[[0,-10],[-17.32,0],[0,10],[17.32,0]]}}},{"ty":"st","bm":0,"lc":2,"lj":2,"ml":1,"o":{"a":0,"k":100},"w":{"a":0,"k":3},"c":{"a":0,"k":[0.102,0.102,0.102]}},{"ty":"fl","bm":0,"c":{"a":0,"k":[0.8902,0.8902,0.8902]},"r":1,"o":{"a":0,"k":100}},{"ty":"tr","a":{"a":0,"k":[0,0]},"s":{"a":0,"k":[100,100]},"sk":{"a":0,"k":0},"p":{"a":0,"k":[153.98,133]},"r":{"a":0,"k":0},"sa":{"a":0,"k":0},"o":{"a":0,"k":100}}]},{"ty":"tr","a":{"a":0,"k":[153.98,133]},"s":{"a":0,"k":[100,100]},"sk":{"a":0,"k":0},"p":{"a":0,"k":[153.98,133]},"r":{"a":0,"k":0},"sa":{"a":0,"k":0},"o":{"a":0,"k":100}}]}],"ind":6},{"ty":4,"sr":1,"st":0,"op":250,"ip":77,"ddd":0,"bm":0,"hasMask":false,"ao":0,"ks":{"a":{"a":0,"k":[102.02,113,0]},"s":{"a":0,"k":[100,100,100]},"sk":{"a":0,"k":0},"p":{"a":1,"k":[{"o":{"x":0.8,"y":0},"i":{"x":0.2,"y":1},"s":[102.02,113,0],"t":66,"ti":[0,0,0],"to":[0,0,0]},{"s":[128,98,0],"t":87}]},"r":{"a":0,"k":0},"sa":{"a":0,"k":0},"o":{"a":0,"k":100}},"ef":[],"shapes":[{"ty":"gr","bm":0,"it":[{"ty":"gr","bm":0,"it":[{"ty":"sh","bm":0,"d":1,"ks":{"a":0,"k":{"c":true,"i":[[0,0],[0,0],[0,0],[0,0]],"o":[[0,0],[0,0],[0,0],[0,0]],"v":[[8.66,-5],[-8.66,-15],[-8.66,5],[8.66,15]]}}},{"ty":"st","bm":0,"lc":2,"lj":2,"ml":1,"o":{"a":0,"k":100},"w":{"a":0,"k":3},"c":{"a":0,"k":[0.102,0.102,0.102]}},{"ty":"fl","bm":0,"c":{"a":0,"k":[0.8902,0.8902,0.8902]},"r":1,"o":{"a":0,"k":100}},{"ty":"tr","a":{"a":0,"k":[0,0]},"s":{"a":0,"k":[100,100]},"sk":{"a":0,"k":0},"p":{"a":0,"k":[93.36,118]},"r":{"a":0,"k":0},"sa":{"a":0,"k":0},"o":{"a":0,"k":100}}]},{"ty":"gr","bm":0,"it":[{"ty":"sh","bm":0,"d":1,"ks":{"a":0,"k":{"c":true,"i":[[0,0],[0,0],[0,0],[0,0]],"o":[[0,0],[0,0],[0,0],[0,0]],"v":[[8.66,-15],[-8.66,-5],[-8.66,15],[8.66,5]]}}},{"ty":"st","bm":0,"lc":2,"lj":2,"ml":1,"o":{"a":0,"k":100},"w":{"a":0,"k":3},"c":{"a":0,"k":[0.102,0.102,0.102]}},{"ty":"fl","bm":0,"c":{"a":0,"k":[0.8902,0.8902,0.8902]},"r":1,"o":{"a":0,"k":100}},{"ty":"tr","a":{"a":0,"k":[0,0]},"s":{"a":0,"k":[100,100]},"sk":{"a":0,"k":0},"p":{"a":0,"k":[110.68,118]},"r":{"a":0,"k":0},"sa":{"a":0,"k":0},"o":{"a":0,"k":100}}]},{"ty":"gr","bm":0,"it":[{"ty":"sh","bm":0,"d":1,"ks":{"a":0,"k":{"c":true,"i":[[0,0],[0,0],[0,0],[0,0]],"o":[[0,0],[0,0],[0,0],[0,0]],"v":[[0,-10],[-17.32,0],[0,10],[17.32,0]]}}},{"ty":"st","bm":0,"lc":2,"lj":2,"ml":1,"o":{"a":0,"k":100},"w":{"a":0,"k":3},"c":{"a":0,"k":[0.102,0.102,0.102]}},{"ty":"fl","bm":0,"c":{"a":0,"k":[0.8902,0.8902,0.8902]},"r":1,"o":{"a":0,"k":100}},{"ty":"tr","a":{"a":0,"k":[0,0]},"s":{"a":0,"k":[100,100]},"sk":{"a":0,"k":0},"p":{"a":0,"k":[102.02,103]},"r":{"a":0,"k":0},"sa":{"a":0,"k":0},"o":{"a":0,"k":100}}]},{"ty":"tr","a":{"a":0,"k":[102.02,103]},"s":{"a":0,"k":[100,100]},"sk":{"a":0,"k":0},"p":{"a":0,"k":[102.02,103]},"r":{"a":0,"k":0},"sa":{"a":0,"k":0},"o":{"a":0,"k":100}}]}],"ind":7},{"ty":4,"sr":1,"st":0,"op":149,"ip":33,"ddd":0,"bm":0,"hasMask":false,"ao":0,"ks":{"a":{"a":0,"k":[128,158,0]},"s":{"a":0,"k":[100,100,100]},"sk":{"a":0,"k":0},"p":{"a":1,"k":[{"o":{"x":0.8,"y":0},"i":{"x":0.2,"y":1},"s":[128,158,0],"t":22,"ti":[0,0,0],"to":[0,0,0]},{"s":[153.98,143,0],"t":43}]},"r":{"a":0,"k":0},"sa":{"a":0,"k":0},"o":{"a":0,"k":100}},"ef":[],"shapes":[{"ty":"gr","bm":0,"it":[{"ty":"gr","bm":0,"it":[{"ty":"sh","bm":0,"d":1,"ks":{"a":0,"k":{"c":true,"i":[[0,0],[0,0],[0,0],[0,0]],"o":[[0,0],[0,0],[0,0],[0,0]],"v":[[8.66,-5],[-8.66,-15],[-8.66,5],[8.66,15]]}}},{"ty":"st","bm":0,"lc":2,"lj":2,"ml":1,"o":{"a":0,"k":100},"w":{"a":0,"k":3},"c":{"a":0,"k":[0.102,0.102,0.102]}},{"ty":"fl","bm":0,"c":{"a":0,"k":[0.8902,0.8902,0.8902]},"r":1,"o":{"a":0,"k":100}},{"ty":"tr","a":{"a":0,"k":[0,0]},"s":{"a":0,"k":[100,100]},"sk":{"a":0,"k":0},"p":{"a":0,"k":[119.34,163]},"r":{"a":0,"k":0},"sa":{"a":0,"k":0},"o":{"a":0,"k":100}}]},{"ty":"gr","bm":0,"it":[{"ty":"sh","bm":0,"d":1,"ks":{"a":0,"k":{"c":true,"i":[[0,0],[0,0],[0,0],[0,0]],"o":[[0,0],[0,0],[0,0],[0,0]],"v":[[8.66,-15],[-8.66,-5],[-8.66,15],[8.66,5]]}}},{"ty":"st","bm":0,"lc":2,"lj":2,"ml":1,"o":{"a":0,"k":100},"w":{"a":0,"k":3},"c":{"a":0,"k":[0.102,0.102,0.102]}},{"ty":"fl","bm":0,"c":{"a":0,"k":[0.8902,0.8902,0.8902]},"r":1,"o":{"a":0,"k":100}},{"ty":"tr","a":{"a":0,"k":[0,0]},"s":{"a":0,"k":[100,100]},"sk":{"a":0,"k":0},"p":{"a":0,"k":[136.66,163]},"r":{"a":0,"k":0},"sa":{"a":0,"k":0},"o":{"a":0,"k":100}}]},{"ty":"gr","bm":0,"it":[{"ty":"sh","bm":0,"d":1,"ks":{"a":0,"k":{"c":true,"i":[[0,0],[0,0],[0,0],[0,0]],"o":[[0,0],[0,0],[0,0],[0,0]],"v":[[0,-10],[-17.32,0],[0,10],[17.32,0]]}}},{"ty":"st","bm":0,"lc":2,"lj":2,"ml":1,"o":{"a":0,"k":100},"w":{"a":0,"k":3},"c":{"a":0,"k":[0.102,0.102,0.102]}},{"ty":"fl","bm":0,"c":{"a":0,"k":[0.8902,0.8902,0.8902]},"r":1,"o":{"a":0,"k":100}},{"ty":"tr","a":{"a":0,"k":[0,0]},"s":{"a":0,"k":[100,100]},"sk":{"a":0,"k":0},"p":{"a":0,"k":[128,148]},"r":{"a":0,"k":0},"sa":{"a":0,"k":0},"o":{"a":0,"k":100}}]},{"ty":"tr","a":{"a":0,"k":[128,148]},"s":{"a":0,"k":[100,100]},"sk":{"a":0,"k":0},"p":{"a":0,"k":[128,148]},"r":{"a":0,"k":0},"sa":{"a":0,"k":0},"o":{"a":0,"k":100}}]}],"ind":8},{"ty":4,"sr":1,"st":0,"op":55,"ip":0,"ddd":0,"bm":0,"hasMask":false,"ao":0,"ks":{"a":{"a":0,"k":[128,98,0]},"s":{"a":0,"k":[100,100,100]},"sk":{"a":0,"k":0},"p":{"a":1,"k":[{"o":{"x":0.8,"y":0},"i":{"x":0.2,"y":1},"s":[128,98,0],"t":55,"ti":[0,0,0],"to":[0,0,0]},{"s":[128,128,0],"t":76}]},"r":{"a":0,"k":0},"sa":{"a":0,"k":0},"o":{"a":0,"k":100}},"ef":[],"shapes":[{"ty":"gr","bm":0,"it":[{"ty":"gr","bm":0,"it":[{"ty":"sh","bm":0,"d":1,"ks":{"a":0,"k":{"c":true,"i":[[0,0],[0,0],[0,0],[0,0]],"o":[[0,0],[0,0],[0,0],[0,0]],"v":[[8.66,-5],[-8.66,-15],[-8.66,5],[8.66,15]]}}},{"ty":"st","bm":0,"lc":2,"lj":2,"ml":1,"o":{"a":0,"k":100},"w":{"a":0,"k":3},"c":{"a":0,"k":[0.102,0.102,0.102]}},{"ty":"fl","bm":0,"c":{"a":0,"k":[0.8902,0.8902,0.8902]},"r":1,"o":{"a":0,"k":100}},{"ty":"tr","a":{"a":0,"k":[0,0]},"s":{"a":0,"k":[100,100]},"sk":{"a":0,"k":0},"p":{"a":0,"k":[119.34,103]},"r":{"a":0,"k":0},"sa":{"a":0,"k":0},"o":{"a":0,"k":100}}]},{"ty":"gr","bm":0,"it":[{"ty":"sh","bm":0,"d":1,"ks":{"a":0,"k":{"c":true,"i":[[0,0],[0,0],[0,0],[0,0]],"o":[[0,0],[0,0],[0,0],[0,0]],"v":[[8.66,-15],[-8.66,-5],[-8.66,15],[8.66,5]]}}},{"ty":"st","bm":0,"lc":2,"lj":2,"ml":1,"o":{"a":0,"k":100},"w":{"a":0,"k":3},"c":{"a":0,"k":[0.102,0.102,0.102]}},{"ty":"fl","bm":0,"c":{"a":0,"k":[0.8902,0.8902,0.8902]},"r":1,"o":{"a":0,"k":100}},{"ty":"tr","a":{"a":0,"k":[0,0]},"s":{"a":0,"k":[100,100]},"sk":{"a":0,"k":0},"p":{"a":0,"k":[136.66,103]},"r":{"a":0,"k":0},"sa":{"a":0,"k":0},"o":{"a":0,"k":100}}]},{"ty":"gr","bm":0,"it":[{"ty":"sh","bm":0,"d":1,"ks":{"a":0,"k":{"c":true,"i":[[0,0],[0,0],[0,0],[0,0]],"o":[[0,0],[0,0],[0,0],[0,0]],"v":[[0,-10],[-17.32,0],[0,10],[17.32,0]]}}},{"ty":"st","bm":0,"lc":2,"lj":2,"ml":1,"o":{"a":0,"k":100},"w":{"a":0,"k":3},"c":{"a":0,"k":[0.102,0.102,0.102]}},{"ty":"fl","bm":0,"c":{"a":0,"k":[0.8902,0.8902,0.8902]},"r":1,"o":{"a":0,"k":100}},{"ty":"tr","a":{"a":0,"k":[0,0]},"s":{"a":0,"k":[100,100]},"sk":{"a":0,"k":0},"p":{"a":0,"k":[128,88]},"r":{"a":0,"k":0},"sa":{"a":0,"k":0},"o":{"a":0,"k":100}}]},{"ty":"tr","a":{"a":0,"k":[128,88]},"s":{"a":0,"k":[100,100]},"sk":{"a":0,"k":0},"p":{"a":0,"k":[128,88]},"r":{"a":0,"k":0},"sa":{"a":0,"k":0},"o":{"a":0,"k":100}}]}],"ind":9},{"ty":4,"sr":1,"st":0,"op":180,"ip":0,"ddd":0,"bm":0,"hasMask":false,"ao":0,"ks":{"a":{"a":0,"k":[128,128,0]},"s":{"a":0,"k":[100,100,100]},"sk":{"a":0,"k":0},"p":{"a":1,"k":[{"o":{"x":0.8,"y":0},"i":{"x":0.2,"y":1},"s":[128,128,0],"t":44,"ti":[0,0,0],"to":[0,0,0]},{"s":[102.02,143,0],"t":65}]},"r":{"a":0,"k":0},"sa":{"a":0,"k":0},"o":{"a":0,"k":100}},"ef":[],"shapes":[{"ty":"gr","bm":0,"it":[{"ty":"gr","bm":0,"it":[{"ty":"sh","bm":0,"d":1,"ks":{"a":0,"k":{"c":true,"i":[[0,0],[0,0],[0,0],[0,0]],"o":[[0,0],[0,0],[0,0],[0,0]],"v":[[8.66,-5],[-8.66,-15],[-8.66,5],[8.66,15]]}}},{"ty":"st","bm":0,"lc":2,"lj":2,"ml":1,"o":{"a":0,"k":100},"w":{"a":0,"k":3},"c":{"a":0,"k":[0.102,0.102,0.102]}},{"ty":"fl","bm":0,"c":{"a":0,"k":[0.8902,0.8902,0.8902]},"r":1,"o":{"a":0,"k":100}},{"ty":"tr","a":{"a":0,"k":[0,0]},"s":{"a":0,"k":[100,100]},"sk":{"a":0,"k":0},"p":{"a":0,"k":[119.34,133]},"r":{"a":0,"k":0},"sa":{"a":0,"k":0},"o":{"a":0,"k":100}}]},{"ty":"gr","bm":0,"it":[{"ty":"sh","bm":0,"d":1,"ks":{"a":0,"k":{"c":true,"i":[[0,0],[0,0],[0,0],[0,0]],"o":[[0,0],[0,0],[0,0],[0,0]],"v":[[8.66,-15],[-8.66,-5],[-8.66,15],[8.66,5]]}}},{"ty":"st","bm":0,"lc":2,"lj":2,"ml":1,"o":{"a":0,"k":100},"w":{"a":0,"k":3},"c":{"a":0,"k":[0.102,0.102,0.102]}},{"ty":"fl","bm":0,"c":{"a":0,"k":[0.8902,0.8902,0.8902]},"r":1,"o":{"a":0,"k":100}},{"ty":"tr","a":{"a":0,"k":[0,0]},"s":{"a":0,"k":[100,100]},"sk":{"a":0,"k":0},"p":{"a":0,"k":[136.66,133]},"r":{"a":0,"k":0},"sa":{"a":0,"k":0},"o":{"a":0,"k":100}}]},{"ty":"gr","bm":0,"it":[{"ty":"sh","bm":0,"d":1,"ks":{"a":0,"k":{"c":true,"i":[[0,0],[0,0],[0,0],[0,0]],"o":[[0,0],[0,0],[0,0],[0,0]],"v":[[0,-10],[-17.32,0],[0,10],[17.32,0]]}}},{"ty":"st","bm":0,"lc":2,"lj":2,"ml":1,"o":{"a":0,"k":100},"w":{"a":0,"k":3},"c":{"a":0,"k":[0.102,0.102,0.102]}},{"ty":"fl","bm":0,"c":{"a":0,"k":[0.8902,0.8902,0.8902]},"r":1,"o":{"a":0,"k":100}},{"ty":"tr","a":{"a":0,"k":[0,0]},"s":{"a":0,"k":[100,100]},"sk":{"a":0,"k":0},"p":{"a":0,"k":[128,118]},"r":{"a":0,"k":0},"sa":{"a":0,"k":0},"o":{"a":0,"k":100}}]},{"ty":"tr","a":{"a":0,"k":[128,118]},"s":{"a":0,"k":[100,100]},"sk":{"a":0,"k":0},"p":{"a":0,"k":[128,118]},"r":{"a":0,"k":0},"sa":{"a":0,"k":0},"o":{"a":0,"k":100}}]}],"ind":10},{"ty":4,"sr":1,"st":0,"op":163,"ip":55,"ddd":0,"bm":0,"hasMask":false,"ao":0,"ks":{"a":{"a":0,"k":[128,98,0]},"s":{"a":0,"k":[100,100,100]},"sk":{"a":0,"k":0},"p":{"a":1,"k":[{"o":{"x":0.8,"y":0},"i":{"x":0.2,"y":1},"s":[128,98,0],"t":55,"ti":[0,0,0],"to":[0,0,0]},{"s":[128,128,0],"t":76}]},"r":{"a":0,"k":0},"sa":{"a":0,"k":0},"o":{"a":0,"k":100}},"ef":[],"shapes":[{"ty":"gr","bm":0,"it":[{"ty":"gr","bm":0,"it":[{"ty":"sh","bm":0,"d":1,"ks":{"a":0,"k":{"c":true,"i":[[0,0],[0,0],[0,0],[0,0]],"o":[[0,0],[0,0],[0,0],[0,0]],"v":[[8.66,-5],[-8.66,-15],[-8.66,5],[8.66,15]]}}},{"ty":"st","bm":0,"lc":2,"lj":2,"ml":1,"o":{"a":0,"k":100},"w":{"a":0,"k":3},"c":{"a":0,"k":[0.102,0.102,0.102]}},{"ty":"fl","bm":0,"c":{"a":0,"k":[0.8902,0.8902,0.8902]},"r":1,"o":{"a":0,"k":100}},{"ty":"tr","a":{"a":0,"k":[0,0]},"s":{"a":0,"k":[100,100]},"sk":{"a":0,"k":0},"p":{"a":0,"k":[119.34,103]},"r":{"a":0,"k":0},"sa":{"a":0,"k":0},"o":{"a":0,"k":100}}]},{"ty":"gr","bm":0,"it":[{"ty":"sh","bm":0,"d":1,"ks":{"a":0,"k":{"c":true,"i":[[0,0],[0,0],[0,0],[0,0]],"o":[[0,0],[0,0],[0,0],[0,0]],"v":[[8.66,-15],[-8.66,-5],[-8.66,15],[8.66,5]]}}},{"ty":"st","bm":0,"lc":2,"lj":2,"ml":1,"o":{"a":0,"k":100},"w":{"a":0,"k":3},"c":{"a":0,"k":[0.102,0.102,0.102]}},{"ty":"fl","bm":0,"c":{"a":0,"k":[0.8902,0.8902,0.8902]},"r":1,"o":{"a":0,"k":100}},{"ty":"tr","a":{"a":0,"k":[0,0]},"s":{"a":0,"k":[100,100]},"sk":{"a":0,"k":0},"p":{"a":0,"k":[136.66,103]},"r":{"a":0,"k":0},"sa":{"a":0,"k":0},"o":{"a":0,"k":100}}]},{"ty":"gr","bm":0,"it":[{"ty":"sh","bm":0,"d":1,"ks":{"a":0,"k":{"c":true,"i":[[0,0],[0,0],[0,0],[0,0]],"o":[[0,0],[0,0],[0,0],[0,0]],"v":[[0,-10],[-17.32,0],[0,10],[17.32,0]]}}},{"ty":"st","bm":0,"lc":2,"lj":2,"ml":1,"o":{"a":0,"k":100},"w":{"a":0,"k":3},"c":{"a":0,"k":[0.102,0.102,0.102]}},{"ty":"fl","bm":0,"c":{"a":0,"k":[0.8902,0.8902,0.8902]},"r":1,"o":{"a":0,"k":100}},{"ty":"tr","a":{"a":0,"k":[0,0]},"s":{"a":0,"k":[100,100]},"sk":{"a":0,"k":0},"p":{"a":0,"k":[128,88]},"r":{"a":0,"k":0},"sa":{"a":0,"k":0},"o":{"a":0,"k":100}}]},{"ty":"tr","a":{"a":0,"k":[128,88]},"s":{"a":0,"k":[100,100]},"sk":{"a":0,"k":0},"p":{"a":0,"k":[128,88]},"r":{"a":0,"k":0},"sa":{"a":0,"k":0},"o":{"a":0,"k":100}}]}],"ind":11}],"v":"5.5.7","fr":60,"op":99,"ip":11,"assets":[]}