{"v":"5.5.7","meta":{"g":"LottieFiles AE 0.1.20","a":"","k":"","d":"","tc":""},"fr":60,"ip":0,"op":59,"w":256,"h":256,"ddd":0,"assets":[],"layers":[{"ddd":0,"ind":1,"ty":3,"sr":1,"ks":{"o":{"a":0,"k":0},"r":{"a":0,"k":0},"p":{"a":0,"k":[128,128,0]},"a":{"a":0,"k":[0,0,0]},"s":{"a":0,"k":[76,76,100]}},"ao":0,"ip":0,"op":59,"st":0,"bm":0},{"ddd":0,"ind":2,"ty":4,"parent":1,"sr":1,"ks":{"o":{"a":0,"k":100},"r":{"a":0,"k":0},"p":{"a":0,"k":[0,40,0]},"a":{"a":0,"k":[0,10,0]},"s":{"a":1,"k":[{"i":{"x":[0.4,0.4,0.4],"y":[1,1,1]},"o":{"x":[0.6,0.6,0.6],"y":[0,0,0]},"t":6,"s":[0,0,100]},{"i":{"x":[0.4,0.4,0.4],"y":[1,1,1]},"o":{"x":[0.6,0.6,0.6],"y":[0,0,0]},"t":21,"s":[420,420,100]},{"t":36,"s":[400,400,100]}]}},"ao":0,"shapes":[{"ty":"gr","it":[{"ind":0,"ty":"sh","ks":{"a":0,"k":{"i":[[0,-1.1],[1.11,0],[0,1.11],[-1.1,0]],"o":[[0,1.11],[-1.1,0],[0,-1.1],[1.11,0]],"v":[[-5,0],[-7,2],[-9,0],[-7,-2]],"c":true}}},{"ty":"fl","c":{"a":0,"k":[0.102,0.102,0.102]},"o":{"a":0,"k":100},"r":1,"bm":0},{"ty":"tr","p":{"a":0,"k":[-7,0]},"a":{"a":0,"k":[-7,0]},"s":{"a":1,"k":[{"i":{"x":[0.4,0.4],"y":[1,1]},"o":{"x":[0.6,0.6],"y":[0,0]},"t":17,"s":[100,100]},{"i":{"x":[0.4,0.4],"y":[1,1]},"o":{"x":[0.6,0.6],"y":[0,0]},"t":27,"s":[120,120]},{"t":37,"s":[100,100]}]},"r":{"a":0,"k":0},"o":{"a":0,"k":100},"sk":{"a":0,"k":0},"sa":{"a":0,"k":0}}],"bm":0},{"ty":"gr","it":[{"ind":0,"ty":"sh","ks":{"a":0,"k":{"i":[[0,-1.1],[1.11,0],[0,1.11],[-1.1,0]],"o":[[0,1.11],[-1.1,0],[0,-1.1],[1.11,0]],"v":[[2,0],[0,2],[-2,0],[0,-2]],"c":true}}},{"ty":"fl","c":{"a":0,"k":[0.102,0.102,0.102]},"o":{"a":0,"k":100},"r":1,"bm":0},{"ty":"tr","p":{"a":0,"k":[0,0]},"a":{"a":0,"k":[0,0]},"s":{"a":1,"k":[{"i":{"x":[0.4,0.4],"y":[1,1]},"o":{"x":[0.6,0.6],"y":[0,0]},"t":27,"s":[100,100]},{"i":{"x":[0.4,0.4],"y":[1,1]},"o":{"x":[0.6,0.6],"y":[0,0]},"t":37,"s":[120,120]},{"t":47,"s":[100,100]}]},"r":{"a":0,"k":0},"o":{"a":0,"k":100},"sk":{"a":0,"k":0},"sa":{"a":0,"k":0}}],"bm":0},{"ty":"gr","it":[{"ind":0,"ty":"sh","ks":{"a":0,"k":{"i":[[0,-1.1],[1.11,0],[0,1.11],[-1.1,0]],"o":[[0,1.11],[-1.1,0],[0,-1.1],[1.11,0]],"v":[[9,0],[7,2],[5,0],[7,-2]],"c":true}}},{"ty":"fl","c":{"a":0,"k":[0.102,0.102,0.102]},"o":{"a":0,"k":100},"r":1,"bm":0},{"ty":"tr","p":{"a":0,"k":[7,0]},"a":{"a":0,"k":[7,0]},"s":{"a":1,"k":[{"i":{"x":[0.4,0.4],"y":[1,1]},"o":{"x":[0.6,0.6],"y":[0,0]},"t":37,"s":[100,100]},{"i":{"x":[0.4,0.4],"y":[1,1]},"o":{"x":[0.6,0.6],"y":[0,0]},"t":47,"s":[120,120]},{"t":57,"s":[100,100]}]},"r":{"a":0,"k":0},"o":{"a":0,"k":100},"sk":{"a":0,"k":0},"sa":{"a":0,"k":0}}],"bm":0},{"ty":"gr","it":[{"ind":0,"ty":"sh","ks":{"a":0,"k":{"i":[[0,-1.1],[0,0],[1.11,0],[0,0],[0,0],[0,0],[0,0],[0,1.11],[0,0],[-1.1,0],[0,0]],"o":[[0,0],[0,1.11],[0,0],[0,0],[0,0],[0,0],[-1.1,0],[0,0],[0,-1.1],[0,0],[1.11,0]],"v":[[17,-5],[17,5],[15,7],[3,7],[0,10],[-3,7],[-15,7],[-17,5],[-17,-5],[-15,-7],[15,-7]],"c":true}}},{"ty":"st","c":{"a":0,"k":[0.102,0.102,0.102]},"o":{"a":0,"k":100},"w":{"a":0,"k":2},"lc":1,"lj":2,"bm":0},{"ty":"fl","c":{"a":0,"k":[0.89,0.89,0.89]},"o":{"a":0,"k":100},"r":1,"bm":0},{"ty":"tr","p":{"a":0,"k":[0,10]},"a":{"a":0,"k":[0,10]},"s":{"a":0,"k":[100,100]},"r":{"a":0,"k":0},"o":{"a":0,"k":100},"sk":{"a":0,"k":0},"sa":{"a":0,"k":0}}],"bm":0}],"ip":6,"op":59,"st":6,"bm":0},{"ddd":0,"ind":3,"ty":4,"parent":1,"sr":1,"ks":{"o":{"a":0,"k":100},"r":{"a":0,"k":0},"p":{"a":1,"k":[{"i":{"x":0.4,"y":1},"o":{"x":0.6,"y":0},"t":6,"s":[0,40,0],"to":[0,0,0],"ti":[0,0,0]},{"t":21,"s":[0,12,0]}]},"a":{"a":0,"k":[0,10,0]},"s":{"a":1,"k":[{"i":{"x":[0.4,0.4,0.4],"y":[1,1,1]},"o":{"x":[0.6,0.6,0.6],"y":[0,0,0]},"t":-51,"s":[0,0,100]},{"i":{"x":[0.4,0.4,0.4],"y":[1,1,1]},"o":{"x":[0.6,0.6,0.6],"y":[0,0,0]},"t":-36,"s":[420,420,100]},{"i":{"x":[0.4,0.4,0.4],"y":[1,1,1]},"o":{"x":[0.6,0.6,0.6],"y":[0,0,0]},"t":-21,"s":[400,400,100]},{"i":{"x":[0.4,0.4,0.4],"y":[1,1,1]},"o":{"x":[0.6,0.6,0.6],"y":[0,0,0]},"t":6,"s":[400,400,100]},{"t":21,"s":[350,350,100]}]}},"ao":0,"shapes":[{"ty":"gr","it":[{"ind":0,"ty":"sh","ks":{"a":0,"k":{"i":[[0,-1.1],[1.11,0],[0,1.11],[-1.1,0]],"o":[[0,1.11],[-1.1,0],[0,-1.1],[1.11,0]],"v":[[-5,0],[-7,2],[-9,0],[-7,-2]],"c":true}}},{"ty":"fl","c":{"a":0,"k":[0.102,0.102,0.102]},"o":{"a":0,"k":100},"r":1,"bm":0},{"ty":"tr","p":{"a":0,"k":[-7,0]},"a":{"a":0,"k":[-7,0]},"s":{"a":1,"k":[{"i":{"x":[0.4,0.4],"y":[1,1]},"o":{"x":[0.6,0.6],"y":[0,0]},"t":-40,"s":[100,100]},{"i":{"x":[0.4,0.4],"y":[1,1]},"o":{"x":[0.6,0.6],"y":[0,0]},"t":-30,"s":[120,120]},{"t":-20,"s":[100,100]}]},"r":{"a":0,"k":0},"o":{"a":0,"k":100},"sk":{"a":0,"k":0},"sa":{"a":0,"k":0}}],"bm":0},{"ty":"gr","it":[{"ind":0,"ty":"sh","ks":{"a":0,"k":{"i":[[0,-1.1],[1.11,0],[0,1.11],[-1.1,0]],"o":[[0,1.11],[-1.1,0],[0,-1.1],[1.11,0]],"v":[[2,0],[0,2],[-2,0],[0,-2]],"c":true}}},{"ty":"fl","c":{"a":0,"k":[0.102,0.102,0.102]},"o":{"a":0,"k":100},"r":1,"bm":0},{"ty":"tr","p":{"a":0,"k":[0,0]},"a":{"a":0,"k":[0,0]},"s":{"a":1,"k":[{"i":{"x":[0.4,0.4],"y":[1,1]},"o":{"x":[0.6,0.6],"y":[0,0]},"t":-30,"s":[100,100]},{"i":{"x":[0.4,0.4],"y":[1,1]},"o":{"x":[0.6,0.6],"y":[0,0]},"t":-20,"s":[120,120]},{"t":-10,"s":[100,100]}]},"r":{"a":0,"k":0},"o":{"a":0,"k":100},"sk":{"a":0,"k":0},"sa":{"a":0,"k":0}}],"bm":0},{"ty":"gr","it":[{"ind":0,"ty":"sh","ks":{"a":0,"k":{"i":[[0,-1.1],[1.11,0],[0,1.11],[-1.1,0]],"o":[[0,1.11],[-1.1,0],[0,-1.1],[1.11,0]],"v":[[9,0],[7,2],[5,0],[7,-2]],"c":true}}},{"ty":"fl","c":{"a":0,"k":[0.102,0.102,0.102]},"o":{"a":0,"k":100},"r":1,"bm":0},{"ty":"tr","p":{"a":0,"k":[7,0]},"a":{"a":0,"k":[7,0]},"s":{"a":1,"k":[{"i":{"x":[0.4,0.4],"y":[1,1]},"o":{"x":[0.6,0.6],"y":[0,0]},"t":-20,"s":[100,100]},{"i":{"x":[0.4,0.4],"y":[1,1]},"o":{"x":[0.6,0.6],"y":[0,0]},"t":-10,"s":[120,120]},{"t":0,"s":[100,100]}]},"r":{"a":0,"k":0},"o":{"a":0,"k":100},"sk":{"a":0,"k":0},"sa":{"a":0,"k":0}}],"bm":0},{"ty":"gr","it":[{"ind":0,"ty":"sh","ks":{"a":0,"k":{"i":[[0,-1.1],[0,0],[1.11,0],[0,0],[0,0],[0,0],[0,0],[0,1.11],[0,0],[-1.1,0],[0,0]],"o":[[0,0],[0,1.11],[0,0],[0,0],[0,0],[0,0],[-1.1,0],[0,0],[0,-1.1],[0,0],[1.11,0]],"v":[[17,-5],[17,5],[15,7],[3,7],[0,10],[-3,7],[-15,7],[-17,5],[-17,-5],[-15,-7],[15,-7]],"c":true}}},{"ty":"st","c":{"a":0,"k":[0.102,0.102,0.102]},"o":{"a":0,"k":100},"w":{"a":0,"k":2},"lc":1,"lj":2,"bm":0},{"ty":"fl","c":{"a":0,"k":[0.89,0.89,0.89]},"o":{"a":0,"k":100},"r":1,"bm":0},{"ty":"tr","p":{"a":0,"k":[0,10]},"a":{"a":0,"k":[0,10]},"s":{"a":0,"k":[100,100]},"r":{"a":0,"k":0},"o":{"a":0,"k":100},"sk":{"a":0,"k":0},"sa":{"a":0,"k":0}}],"bm":0}],"ip":0,"op":59,"st":-51,"bm":0},{"ddd":0,"ind":4,"ty":4,"parent":1,"sr":1,"ks":{"o":{"a":0,"k":100},"r":{"a":0,"k":0},"p":{"a":1,"k":[{"i":{"x":0.4,"y":1},"o":{"x":0.6,"y":0},"t":-51,"s":[0,40,0],"to":[0,0,0],"ti":[0,0,0]},{"i":{"x":0.4,"y":0.4},"o":{"x":0.17,"y":0.17},"t":-36,"s":[0,12,0],"to":[0,0,0],"ti":[0,0,0]},{"i":{"x":0.4,"y":1},"o":{"x":0.6,"y":0},"t":6,"s":[0,12,0],"to":[0,0,0],"ti":[0,0,0]},{"t":21,"s":[0,-8,0]}]},"a":{"a":0,"k":[0,10,0]},"s":{"a":1,"k":[{"i":{"x":[0.4,0.4,0.4],"y":[1,1,1]},"o":{"x":[0.6,0.6,0.6],"y":[0,0,0]},"t":-51,"s":[400,400,100]},{"i":{"x":[0.4,0.4,0.4],"y":[1,1,1]},"o":{"x":[0.17,0.17,0.17],"y":[0,0,0]},"t":-36,"s":[350,350,100]},{"i":{"x":[0.4,0.4,0.4],"y":[1,1,1]},"o":{"x":[0.6,0.6,0.6],"y":[0,0,0]},"t":6,"s":[350,350,100]},{"t":21,"s":[0,0,100]}]}},"ao":0,"shapes":[{"ty":"gr","it":[{"ind":0,"ty":"sh","ks":{"a":0,"k":{"i":[[0,-1.1],[1.11,0],[0,1.11],[-1.1,0]],"o":[[0,1.11],[-1.1,0],[0,-1.1],[1.11,0]],"v":[[-5,0],[-7,2],[-9,0],[-7,-2]],"c":true}}},{"ty":"fl","c":{"a":0,"k":[0.102,0.102,0.102]},"o":{"a":0,"k":100},"r":1,"bm":0},{"ty":"tr","p":{"a":0,"k":[-7,0]},"a":{"a":0,"k":[-7,0]},"s":{"a":1,"k":[{"i":{"x":[0.4,0.4],"y":[1,1]},"o":{"x":[0.6,0.6],"y":[0,0]},"t":-97,"s":[100,100]},{"i":{"x":[0.4,0.4],"y":[1,1]},"o":{"x":[0.6,0.6],"y":[0,0]},"t":-87,"s":[120,120]},{"t":-77,"s":[100,100]}]},"r":{"a":0,"k":0},"o":{"a":0,"k":100},"sk":{"a":0,"k":0},"sa":{"a":0,"k":0}}],"bm":0},{"ty":"gr","it":[{"ind":0,"ty":"sh","ks":{"a":0,"k":{"i":[[0,-1.1],[1.11,0],[0,1.11],[-1.1,0]],"o":[[0,1.11],[-1.1,0],[0,-1.1],[1.11,0]],"v":[[2,0],[0,2],[-2,0],[0,-2]],"c":true}}},{"ty":"fl","c":{"a":0,"k":[0.102,0.102,0.102]},"o":{"a":0,"k":100},"r":1,"bm":0},{"ty":"tr","p":{"a":0,"k":[0,0]},"a":{"a":0,"k":[0,0]},"s":{"a":1,"k":[{"i":{"x":[0.4,0.4],"y":[1,1]},"o":{"x":[0.6,0.6],"y":[0,0]},"t":-87,"s":[100,100]},{"i":{"x":[0.4,0.4],"y":[1,1]},"o":{"x":[0.6,0.6],"y":[0,0]},"t":-77,"s":[120,120]},{"t":-67,"s":[100,100]}]},"r":{"a":0,"k":0},"o":{"a":0,"k":100},"sk":{"a":0,"k":0},"sa":{"a":0,"k":0}}],"bm":0},{"ty":"gr","it":[{"ind":0,"ty":"sh","ks":{"a":0,"k":{"i":[[0,-1.1],[1.11,0],[0,1.11],[-1.1,0]],"o":[[0,1.11],[-1.1,0],[0,-1.1],[1.11,0]],"v":[[9,0],[7,2],[5,0],[7,-2]],"c":true}}},{"ty":"fl","c":{"a":0,"k":[0.102,0.102,0.102]},"o":{"a":0,"k":100},"r":1,"bm":0},{"ty":"tr","p":{"a":0,"k":[7,0]},"a":{"a":0,"k":[7,0]},"s":{"a":0,"k":[100,100]},"r":{"a":0,"k":0},"o":{"a":0,"k":100},"sk":{"a":0,"k":0},"sa":{"a":0,"k":0}}],"bm":0},{"ty":"gr","it":[{"ind":0,"ty":"sh","ks":{"a":0,"k":{"i":[[0,-1.1],[0,0],[1.11,0],[0,0],[0,0],[0,0],[0,0],[0,1.11],[0,0],[-1.1,0],[0,0]],"o":[[0,0],[0,1.11],[0,0],[0,0],[0,0],[0,0],[-1.1,0],[0,0],[0,-1.1],[0,0],[1.11,0]],"v":[[17,-5],[17,5],[15,7],[3,7],[0,10],[-3,7],[-15,7],[-17,5],[-17,-5],[-15,-7],[15,-7]],"c":true}}},{"ty":"st","c":{"a":0,"k":[0.102,0.102,0.102]},"o":{"a":0,"k":100},"w":{"a":0,"k":2},"lc":1,"lj":2,"bm":0},{"ty":"fl","c":{"a":0,"k":[0.89,0.89,0.89]},"o":{"a":0,"k":100},"r":1,"bm":0},{"ty":"tr","p":{"a":0,"k":[0,10]},"a":{"a":0,"k":[0,10]},"s":{"a":0,"k":[100,100]},"r":{"a":0,"k":0},"o":{"a":0,"k":100},"sk":{"a":0,"k":0},"sa":{"a":0,"k":0}}],"bm":0}],"ip":0,"op":59,"st":-108,"bm":0}],"markers":[]}