{"v":"5.5.7","meta":{"g":"LottieFiles AE 0.1.20","a":"","k":"","d":"","tc":""},"fr":60,"ip":0,"op":273,"w":256,"h":256,"ddd":0,"assets":[{"id":"comp_0","layers":[{"ddd":0,"ind":1,"ty":4,"sr":1,"ks":{"o":{"a":1,"k":[{"i":{"x":[0.15],"y":[1]},"o":{"x":[0.6],"y":[0]},"t":242,"s":[0]},{"t":257,"s":[100]}]},"r":{"a":0,"k":0},"p":{"a":0,"k":[113,165,0]},"a":{"a":0,"k":[113,165,0]},"s":{"a":0,"k":[100,100,100]}},"ao":0,"shapes":[{"ty":"gr","it":[{"ind":0,"ty":"sh","ks":{"a":1,"k":[{"i":{"x":0.15,"y":1},"o":{"x":0.6,"y":0},"t":242,"s":[{"i":[[1.66,0],[0,0],[0,1.66],[0,0],[-1.66,0],[0,0],[0,-1.66],[0,0]],"o":[[0,0],[-1.66,0],[0,0],[0,-1.66],[0,0],[1.66,0],[0,0],[0,1.66]],"v":[[9,16],[-9,16],[-12,13],[-12,13],[-9,10],[9,10],[12,13],[12,13]],"c":true}]},{"t":272,"s":[{"i":[[1.66,0],[0,0],[0,1.66],[0,0],[-1.66,0],[0,0],[0,-1.66],[0,0]],"o":[[0,0],[-1.66,0],[0,0],[0,-1.66],[0,0],[1.66,0],[0,0],[0,1.66]],"v":[[9,6],[-9,6],[-12,3],[-12,-3],[-9,-6],[9,-6],[12,-3],[12,3]],"c":true}]}]}},{"ty":"fl","c":{"a":0,"k":[0.796,0.796,0.796]},"o":{"a":0,"k":100},"r":1,"bm":0},{"ty":"tr","p":{"a":0,"k":[113,152]},"a":{"a":0,"k":[0,0]},"s":{"a":0,"k":[100,100]},"r":{"a":0,"k":0},"o":{"a":0,"k":100},"sk":{"a":0,"k":0},"sa":{"a":0,"k":0}}],"bm":0}],"ip":240,"op":279,"st":-15,"bm":0},{"ddd":0,"ind":2,"ty":4,"sr":1,"ks":{"o":{"a":1,"k":[{"i":{"x":[0.15],"y":[1]},"o":{"x":[0.6],"y":[0]},"t":206,"s":[0]},{"t":226,"s":[100]}]},"r":{"a":0,"k":0},"p":{"a":0,"k":[143,165.05,0]},"a":{"a":0,"k":[143,165.05,0]},"s":{"a":0,"k":[100,100,100]}},"ao":0,"shapes":[{"ty":"gr","it":[{"ind":0,"ty":"sh","ks":{"a":1,"k":[{"i":{"x":0.15,"y":1},"o":{"x":0.6,"y":0},"t":206,"s":[{"i":[[1.66,0],[0,0],[0,1.66],[0,0],[-1.66,0],[0,0],[0,-1.66],[0,0]],"o":[[0,0],[-1.66,0],[0,0],[0,-1.66],[0,0],[1.66,0],[0,0],[0,1.66]],"v":[[9,64.03],[-9,64.03],[-12,61.03],[-12,61.06],[-9,58.06],[9,58.06],[12,61.06],[12,61.03]],"c":true}]},{"i":{"x":0.83,"y":1},"o":{"x":0.17,"y":0},"t":236,"s":[{"i":[[1.66,0],[0,0],[0,1.66],[0,0],[-1.66,0],[0,0],[0,-1.66],[0,0]],"o":[[0,0],[-1.66,0],[0,0],[0,-1.66],[0,0],[1.66,0],[0,0],[0,1.66]],"v":[[9,54.02],[-9,54.02],[-12,51.02],[-12,39.02],[-9,36.02],[9,36.02],[12,39.02],[12,51.02]],"c":true}]},{"i":{"x":0.15,"y":1},"o":{"x":0.6,"y":0},"t":243,"s":[{"i":[[1.66,0],[0,0],[0,1.66],[0,0],[-1.66,0],[0,0],[0,-1.66],[0,0]],"o":[[0,0],[-1.66,0],[0,0],[0,-1.66],[0,0],[1.66,0],[0,0],[0,1.66]],"v":[[9,54.02],[-9,54.02],[-12,51.02],[-12,39.02],[-9,36.02],[9,36.02],[12,39.02],[12,51.02]],"c":true}]},{"t":273,"s":[{"i":[[1.66,0],[0,0],[0,1.66],[0,0],[-1.66,0],[0,0],[0,-1.66],[0,0]],"o":[[0,0],[-1.66,0],[0,0],[0,-1.66],[0,0],[1.66,0],[0,0],[0,1.66]],"v":[[9,54],[-9,54],[-12,51],[-12,15],[-9,12],[9,12],[12,15],[12,51]],"c":true}]}]}},{"ty":"fl","c":{"a":0,"k":[0.796,0.796,0.796]},"o":{"a":0,"k":100},"r":1,"bm":0},{"ty":"tr","p":{"a":0,"k":[143,104]},"a":{"a":0,"k":[0,0]},"s":{"a":0,"k":[100,100]},"r":{"a":0,"k":0},"o":{"a":0,"k":100},"sk":{"a":0,"k":0},"sa":{"a":0,"k":0}}],"bm":0}],"ip":-25,"op":279,"st":-15,"bm":0},{"ddd":0,"ind":3,"ty":4,"sr":1,"ks":{"o":{"a":1,"k":[{"i":{"x":[0.15],"y":[1]},"o":{"x":[0.6],"y":[0]},"t":203,"s":[0]},{"t":223,"s":[100]}]},"r":{"a":0,"k":0},"p":{"a":0,"k":[143,165.05,0]},"a":{"a":0,"k":[143,165.05,0]},"s":{"a":0,"k":[100,100,100]}},"ao":0,"shapes":[{"ty":"gr","it":[{"ind":0,"ty":"sh","ks":{"a":1,"k":[{"i":{"x":0.15,"y":1},"o":{"x":0.6,"y":0},"t":203,"s":[{"i":[[1.66,0],[0,0],[0,1.66],[0,0],[-1.66,0],[0,0],[0,-1.66],[0,0]],"o":[[0,0],[-1.66,0],[0,0],[0,-1.66],[0,0],[1.66,0],[0,0],[0,1.66]],"v":[[9,64.03],[-9,64.03],[-12,61.03],[-12,61.06],[-9,58.06],[9,58.06],[12,61.06],[12,61.03]],"c":true}]},{"i":{"x":0.83,"y":1},"o":{"x":0.17,"y":0},"t":233,"s":[{"i":[[1.66,0],[0,0],[0,1.66],[0,0],[-1.66,0],[0,0],[0,-1.66],[0,0]],"o":[[0,0],[-1.66,0],[0,0],[0,-1.66],[0,0],[1.66,0],[0,0],[0,1.66]],"v":[[9,30],[-9,30],[-12,27],[-12,21],[-9,18],[9,18],[12,21],[12,27]],"c":true}]},{"i":{"x":0.15,"y":1},"o":{"x":0.6,"y":0},"t":241,"s":[{"i":[[1.66,0],[0,0],[0,1.66],[0,0],[-1.66,0],[0,0],[0,-1.66],[0,0]],"o":[[0,0],[-1.66,0],[0,0],[0,-1.66],[0,0],[1.66,0],[0,0],[0,1.66]],"v":[[9,30],[-9,30],[-12,27],[-12,21],[-9,18],[9,18],[12,21],[12,27]],"c":true}]},{"t":271,"s":[{"i":[[1.66,0],[0,0],[0,1.66],[0,0],[-1.66,0],[0,0],[0,-1.66],[0,0]],"o":[[0,0],[-1.66,0],[0,0],[0,-1.66],[0,0],[1.66,0],[0,0],[0,1.66]],"v":[[9,6],[-9,6],[-12,3],[-12,-3],[-9,-6],[9,-6],[12,-3],[12,3]],"c":true}]}]}},{"ty":"fl","c":{"a":0,"k":[0.796,0.796,0.796]},"o":{"a":0,"k":100},"r":1,"bm":0},{"ty":"tr","p":{"a":0,"k":[143,104]},"a":{"a":0,"k":[0,0]},"s":{"a":0,"k":[100,100]},"r":{"a":0,"k":0},"o":{"a":0,"k":100},"sk":{"a":0,"k":0},"sa":{"a":0,"k":0}}],"bm":0}],"ip":-26,"op":279,"st":-15,"bm":0},{"ddd":0,"ind":4,"ty":4,"sr":1,"ks":{"o":{"a":1,"k":[{"i":{"x":[0.15],"y":[1]},"o":{"x":[0.6],"y":[0]},"t":165,"s":[0]},{"t":185,"s":[100]}]},"r":{"a":0,"k":0},"p":{"a":0,"k":[113,165,0]},"a":{"a":0,"k":[113,165,0]},"s":{"a":0,"k":[100,100,100]}},"ao":0,"shapes":[{"ty":"gr","it":[{"ind":0,"ty":"sh","ks":{"a":1,"k":[{"i":{"x":0.15,"y":1},"o":{"x":0.6,"y":0},"t":165,"s":[{"i":[[1.66,0],[0,0],[0,1.66],[0,0],[-1.66,0],[0,0],[0,-1.66],[0,0]],"o":[[0,0],[-1.66,0],[0,0],[0,-1.66],[0,0],[1.66,0],[0,0],[0,1.66]],"v":[[9,16],[-9,16],[-12,13],[-12,13],[-9,10],[9,10],[12,13],[12,13]],"c":true}]},{"i":{"x":0.83,"y":1},"o":{"x":0.17,"y":0},"t":195,"s":[{"i":[[1.66,0],[0,0],[0,1.66],[0,0],[-1.66,0],[0,0],[0,-1.66],[0,0]],"o":[[0,0],[-1.66,0],[0,0],[0,-1.66],[0,0],[1.66,0],[0,0],[0,1.66]],"v":[[9,6],[-9,6],[-12,3],[-12,-9],[-9,-12],[9,-12],[12,-9],[12,3]],"c":true}]},{"i":{"x":0.15,"y":1},"o":{"x":0.6,"y":0},"t":202,"s":[{"i":[[1.66,0],[0,0],[0,1.66],[0,0],[-1.66,0],[0,0],[0,-1.66],[0,0]],"o":[[0,0],[-1.66,0],[0,0],[0,-1.66],[0,0],[1.66,0],[0,0],[0,1.66]],"v":[[9,6],[-9,6],[-12,3],[-12,-9],[-9,-12],[9,-12],[12,-9],[12,3]],"c":true}]},{"i":{"x":0.83,"y":1},"o":{"x":0.17,"y":0},"t":232,"s":[{"i":[[1.66,0],[0,0],[0,1.66],[0,0],[-1.66,0],[0,0],[0,-1.66],[0,0]],"o":[[0,0],[-1.66,0],[0,0],[0,-1.66],[0,0],[1.66,0],[0,0],[0,1.66]],"v":[[9,6],[-9,6],[-12,3],[-12,-50.98],[-9,-53.98],[9,-53.98],[12,-50.98],[12,3]],"c":true}]},{"i":{"x":0.15,"y":1},"o":{"x":0.6,"y":0},"t":240,"s":[{"i":[[1.66,0],[0,0],[0,1.66],[0,0],[-1.66,0],[0,0],[0,-1.66],[0,0]],"o":[[0,0],[-1.66,0],[0,0],[0,-1.66],[0,0],[1.66,0],[0,0],[0,1.66]],"v":[[9,6],[-9,6],[-12,3],[-12,-50.98],[-9,-53.98],[9,-53.98],[12,-50.98],[12,3]],"c":true}]},{"t":270,"s":[{"i":[[1.66,0],[0,0],[0,1.66],[0,0],[-1.66,0],[0,0],[0,-1.66],[0,0]],"o":[[0,0],[-1.66,0],[0,0],[0,-1.66],[0,0],[1.66,0],[0,0],[0,1.66]],"v":[[9,-12],[-9,-12],[-12,-15],[-12,-51],[-9,-54],[9,-54],[12,-51],[12,-15]],"c":true}]}]}},{"ty":"fl","c":{"a":0,"k":[0.796,0.796,0.796]},"o":{"a":0,"k":100},"r":1,"bm":0},{"ty":"tr","p":{"a":0,"k":[113,152]},"a":{"a":0,"k":[0,0]},"s":{"a":0,"k":[100,100]},"r":{"a":0,"k":0},"o":{"a":0,"k":100},"sk":{"a":0,"k":0},"sa":{"a":0,"k":0}}],"bm":0}],"ip":0,"op":279,"st":-15,"bm":0},{"ddd":0,"ind":5,"ty":4,"sr":1,"ks":{"o":{"a":1,"k":[{"i":{"x":[0.15],"y":[1]},"o":{"x":[0.6],"y":[0]},"t":128,"s":[0]},{"i":{"x":[0.83],"y":[1]},"o":{"x":[0.17],"y":[0]},"t":143,"s":[100]},{"i":{"x":[0.15],"y":[1]},"o":{"x":[0.6],"y":[0]},"t":250,"s":[100]},{"t":265,"s":[0]}]},"r":{"a":0,"k":0},"p":{"a":0,"k":[143,165.05,0]},"a":{"a":0,"k":[143,165.05,0]},"s":{"a":0,"k":[100,100,100]}},"ao":0,"shapes":[{"ty":"gr","it":[{"ind":0,"ty":"sh","ks":{"a":1,"k":[{"i":{"x":0.15,"y":1},"o":{"x":0.6,"y":0},"t":128,"s":[{"i":[[1.66,0],[0,0],[0,1.66],[0,0],[-1.66,0],[0,0],[0,-1.66],[0,0]],"o":[[0,0],[-1.66,0],[0,0],[0,-1.66],[0,0],[1.66,0],[0,0],[0,1.66]],"v":[[9,64.03],[-9,64.03],[-12,61.03],[-12,61.06],[-9,58.06],[9,58.06],[12,61.06],[12,61.03]],"c":true}]},{"i":{"x":0.83,"y":1},"o":{"x":0.17,"y":0},"t":158,"s":[{"i":[[1.66,0],[0,0],[0,1.66],[0,0],[-1.66,0],[0,0],[0,-1.66],[0,0]],"o":[[0,0],[-1.66,0],[0,0],[0,-1.66],[0,0],[1.66,0],[0,0],[0,1.66]],"v":[[9,54],[-9,54],[-12,51],[-12,39],[-9,36],[9,36],[12,39],[12,51]],"c":true}]},{"i":{"x":0.15,"y":1},"o":{"x":0.6,"y":0},"t":164,"s":[{"i":[[1.66,0],[0,0],[0,1.66],[0,0],[-1.66,0],[0,0],[0,-1.66],[0,0]],"o":[[0,0],[-1.66,0],[0,0],[0,-1.66],[0,0],[1.66,0],[0,0],[0,1.66]],"v":[[9,54],[-9,54],[-12,51],[-12,39],[-9,36],[9,36],[12,39],[12,51]],"c":true}]},{"i":{"x":0.83,"y":1},"o":{"x":0.17,"y":0},"t":194,"s":[{"i":[[1.66,0],[0,0],[0,1.66],[0,0],[-1.66,0],[0,0],[0,-1.66],[0,0]],"o":[[0,0],[-1.66,0],[0,0],[0,-1.66],[0,0],[1.66,0],[0,0],[0,1.66]],"v":[[9,54],[-9,54],[-12,51],[-12,21],[-9,18],[9,18],[12,21],[12,51]],"c":true}]},{"i":{"x":0.15,"y":1},"o":{"x":0.6,"y":0},"t":202,"s":[{"i":[[1.66,0],[0,0],[0,1.66],[0,0],[-1.66,0],[0,0],[0,-1.66],[0,0]],"o":[[0,0],[-1.66,0],[0,0],[0,-1.66],[0,0],[1.66,0],[0,0],[0,1.66]],"v":[[9,54],[-9,54],[-12,51],[-12,21],[-9,18],[9,18],[12,21],[12,51]],"c":true}]},{"i":{"x":0.83,"y":1},"o":{"x":0.17,"y":0},"t":232,"s":[{"i":[[1.66,0],[0,0],[0,1.66],[0,0],[-1.66,0],[0,0],[0,-1.66],[0,0]],"o":[[0,0],[-1.66,0],[0,0],[0,-1.66],[0,0],[1.66,0],[0,0],[0,1.66]],"v":[[9,12],[-9,12],[-12,9],[-12,-3],[-9,-6],[9,-6],[12,-3],[12,9]],"c":true}]},{"i":{"x":0.15,"y":1},"o":{"x":0.6,"y":0},"t":240,"s":[{"i":[[1.66,0],[0,0],[0,1.66],[0,0],[-1.66,0],[0,0],[0,-1.66],[0,0]],"o":[[0,0],[-1.66,0],[0,0],[0,-1.66],[0,0],[1.66,0],[0,0],[0,1.66]],"v":[[9,12],[-9,12],[-12,9],[-12,-3],[-9,-6],[9,-6],[12,-3],[12,9]],"c":true}]},{"t":270,"s":[{"i":[[1.66,0],[0,0],[0,1.66],[0,0],[-1.66,0],[0,0],[0,-1.66],[0,0]],"o":[[0,0],[-1.66,0],[0,0],[0,-1.66],[0,0],[1.66,0],[0,0],[0,1.66]],"v":[[9,-9.95],[-9,-9.95],[-12,-12.95],[-12,-12.92],[-9,-15.92],[9,-15.92],[12,-12.92],[12,-12.95]],"c":true}]}]}},{"ty":"fl","c":{"a":0,"k":[0.796,0.796,0.796]},"o":{"a":0,"k":100},"r":1,"bm":0},{"ty":"tr","p":{"a":0,"k":[143,104]},"a":{"a":0,"k":[0,0]},"s":{"a":0,"k":[100,100]},"r":{"a":0,"k":0},"o":{"a":0,"k":100},"sk":{"a":0,"k":0},"sa":{"a":0,"k":0}}],"bm":0}],"ip":0,"op":271,"st":-15,"bm":0},{"ddd":0,"ind":6,"ty":4,"sr":1,"ks":{"o":{"a":1,"k":[{"i":{"x":[0.15],"y":[1]},"o":{"x":[0.6],"y":[0]},"t":123,"s":[0]},{"i":{"x":[0.83],"y":[1]},"o":{"x":[0.17],"y":[0]},"t":138,"s":[100]},{"i":{"x":[0.15],"y":[1]},"o":{"x":[0.6],"y":[0]},"t":210,"s":[100]},{"t":225,"s":[0]}]},"r":{"a":0,"k":0},"p":{"a":0,"k":[143,165.05,0]},"a":{"a":0,"k":[143,165.05,0]},"s":{"a":0,"k":[100,100,100]}},"ao":0,"shapes":[{"ty":"gr","it":[{"ind":0,"ty":"sh","ks":{"a":1,"k":[{"i":{"x":0.15,"y":1},"o":{"x":0.6,"y":0},"t":123,"s":[{"i":[[1.66,0],[0,0],[0,1.66],[0,0],[-1.66,0],[0,0],[0,-1.66],[0,0]],"o":[[0,0],[-1.66,0],[0,0],[0,-1.66],[0,0],[1.66,0],[0,0],[0,1.66]],"v":[[9,64.03],[-9,64.03],[-12,61.03],[-12,61.06],[-9,58.06],[9,58.06],[12,61.06],[12,61.03]],"c":true}]},{"i":{"x":0.83,"y":1},"o":{"x":0.17,"y":0},"t":153,"s":[{"i":[[1.66,0],[0,0],[0,1.66],[0,0],[-1.66,0],[0,0],[0,-1.66],[0,0]],"o":[[0,0],[-1.66,0],[0,0],[0,-1.66],[0,0],[1.66,0],[0,0],[0,1.66]],"v":[[9,30],[-9,30],[-12,27],[-12,15],[-9,12],[9,12],[12,15],[12,27]],"c":true}]},{"i":{"x":0.15,"y":1},"o":{"x":0.6,"y":0},"t":162,"s":[{"i":[[1.66,0],[0,0],[0,1.66],[0,0],[-1.66,0],[0,0],[0,-1.66],[0,0]],"o":[[0,0],[-1.66,0],[0,0],[0,-1.66],[0,0],[1.66,0],[0,0],[0,1.66]],"v":[[9,30],[-9,30],[-12,27],[-12,15],[-9,12],[9,12],[12,15],[12,27]],"c":true}]},{"i":{"x":0.83,"y":1},"o":{"x":0.17,"y":0},"t":192,"s":[{"i":[[1.66,0],[0,0],[0,1.66],[0,0],[-1.66,0],[0,0],[0,-1.66],[0,0]],"o":[[0,0],[-1.66,0],[0,0],[0,-1.66],[0,0],[1.66,0],[0,0],[0,1.66]],"v":[[9,12],[-9,12],[-12,9],[-12,-3],[-9,-6],[9,-6],[12,-3],[12,9]],"c":true}]},{"i":{"x":0.15,"y":1},"o":{"x":0.6,"y":0},"t":200,"s":[{"i":[[1.66,0],[0,0],[0,1.66],[0,0],[-1.66,0],[0,0],[0,-1.66],[0,0]],"o":[[0,0],[-1.66,0],[0,0],[0,-1.66],[0,0],[1.66,0],[0,0],[0,1.66]],"v":[[9,12],[-9,12],[-12,9],[-12,-3],[-9,-6],[9,-6],[12,-3],[12,9]],"c":true}]},{"t":230,"s":[{"i":[[1.66,0],[0,0],[0,1.66],[0,0],[-1.66,0],[0,0],[0,-1.66],[0,0]],"o":[[0,0],[-1.66,0],[0,0],[0,-1.66],[0,0],[1.66,0],[0,0],[0,1.66]],"v":[[9,-9.95],[-9,-9.95],[-12,-12.95],[-12,-12.92],[-9,-15.92],[9,-15.92],[12,-12.92],[12,-12.95]],"c":true}]}]}},{"ty":"fl","c":{"a":0,"k":[0.796,0.796,0.796]},"o":{"a":0,"k":100},"r":1,"bm":0},{"ty":"tr","p":{"a":0,"k":[143,104]},"a":{"a":0,"k":[0,0]},"s":{"a":0,"k":[100,100]},"r":{"a":0,"k":0},"o":{"a":0,"k":100},"sk":{"a":0,"k":0},"sa":{"a":0,"k":0}}],"bm":0}],"ip":0,"op":230,"st":-15,"bm":0},{"ddd":0,"ind":7,"ty":4,"sr":1,"ks":{"o":{"a":1,"k":[{"i":{"x":[0.15],"y":[1]},"o":{"x":[0.6],"y":[0]},"t":128,"s":[0]},{"i":{"x":[0.83],"y":[1]},"o":{"x":[0.17],"y":[0]},"t":143,"s":[100]},{"i":{"x":[0.15],"y":[1]},"o":{"x":[0.6],"y":[0]},"t":210,"s":[100]},{"t":225,"s":[0]}]},"r":{"a":0,"k":0},"p":{"a":0,"k":[113,165,0]},"a":{"a":0,"k":[113,165,0]},"s":{"a":0,"k":[100,100,100]}},"ao":0,"shapes":[{"ty":"gr","it":[{"ind":0,"ty":"sh","ks":{"a":1,"k":[{"i":{"x":0.15,"y":1},"o":{"x":0.6,"y":0},"t":128,"s":[{"i":[[1.66,0],[0,0],[0,1.66],[0,0],[-1.66,0],[0,0],[0,-1.66],[0,0]],"o":[[0,0],[-1.66,0],[0,0],[0,-1.66],[0,0],[1.66,0],[0,0],[0,1.66]],"v":[[9,16],[-9,16],[-12,13],[-12,13],[-9,10],[9,10],[12,13],[12,13]],"c":true}]},{"i":{"x":0.83,"y":1},"o":{"x":0.17,"y":0},"t":158,"s":[{"i":[[1.66,0],[0,0],[0,1.66],[0,0],[-1.66,0],[0,0],[0,-1.66],[0,0]],"o":[[0,0],[-1.66,0],[0,0],[0,-1.66],[0,0],[1.66,0],[0,0],[0,1.66]],"v":[[9,6],[-9,6],[-12,3],[-12,-3],[-9,-6],[9,-6],[12,-3],[12,3]],"c":true}]},{"i":{"x":0.15,"y":1},"o":{"x":0.6,"y":0},"t":163,"s":[{"i":[[1.66,0],[0,0],[0,1.66],[0,0],[-1.66,0],[0,0],[0,-1.66],[0,0]],"o":[[0,0],[-1.66,0],[0,0],[0,-1.66],[0,0],[1.66,0],[0,0],[0,1.66]],"v":[[9,6],[-9,6],[-12,3],[-12,-3],[-9,-6],[9,-6],[12,-3],[12,3]],"c":true}]},{"i":{"x":0.83,"y":1},"o":{"x":0.17,"y":0},"t":193,"s":[{"i":[[1.66,0],[0,0],[0,1.66],[0,0],[-1.66,0],[0,0],[0,-1.66],[0,0]],"o":[[0,0],[-1.66,0],[0,0],[0,-1.66],[0,0],[1.66,0],[0,0],[0,1.66]],"v":[[9,-18],[-9,-18],[-12,-21],[-12,-51],[-9,-54],[9,-54],[12,-51],[12,-21]],"c":true}]},{"i":{"x":0.15,"y":1},"o":{"x":0.6,"y":0},"t":200,"s":[{"i":[[1.66,0],[0,0],[0,1.66],[0,0],[-1.66,0],[0,0],[0,-1.66],[0,0]],"o":[[0,0],[-1.66,0],[0,0],[0,-1.66],[0,0],[1.66,0],[0,0],[0,1.66]],"v":[[9,-18],[-9,-18],[-12,-21],[-12,-51],[-9,-54],[9,-54],[12,-51],[12,-21]],"c":true}]},{"t":230,"s":[{"i":[[1.66,0],[0,0],[0,1.66],[0,0],[-1.66,0],[0,0],[0,-1.66],[0,0]],"o":[[0,0],[-1.66,0],[0,0],[0,-1.66],[0,0],[1.66,0],[0,0],[0,1.66]],"v":[[9,-58],[-9,-58],[-12,-61],[-12,-61],[-9,-64],[9,-64],[12,-61],[12,-61]],"c":true}]}]}},{"ty":"fl","c":{"a":0,"k":[0.796,0.796,0.796]},"o":{"a":0,"k":100},"r":1,"bm":0},{"ty":"tr","p":{"a":0,"k":[113,152]},"a":{"a":0,"k":[0,0]},"s":{"a":0,"k":[100,100]},"r":{"a":0,"k":0},"o":{"a":0,"k":100},"sk":{"a":0,"k":0},"sa":{"a":0,"k":0}}],"bm":0}],"ip":0,"op":230,"st":-15,"bm":0},{"ddd":0,"ind":8,"ty":4,"sr":1,"ks":{"o":{"a":1,"k":[{"i":{"x":[0.15],"y":[1]},"o":{"x":[0.6],"y":[0]},"t":88,"s":[0]},{"i":{"x":[0.83],"y":[1]},"o":{"x":[0.17],"y":[0]},"t":103,"s":[100]},{"i":{"x":[0.15],"y":[1]},"o":{"x":[0.6],"y":[0]},"t":172,"s":[100]},{"t":187,"s":[0]}]},"r":{"a":0,"k":0},"p":{"a":0,"k":[113,165,0]},"a":{"a":0,"k":[113,165,0]},"s":{"a":0,"k":[100,100,100]}},"ao":0,"shapes":[{"ty":"gr","it":[{"ind":0,"ty":"sh","ks":{"a":1,"k":[{"i":{"x":0.15,"y":1},"o":{"x":0.6,"y":0},"t":88,"s":[{"i":[[1.66,0],[0,0],[0,1.66],[0,0],[-1.66,0],[0,0],[0,-1.66],[0,0]],"o":[[0,0],[-1.66,0],[0,0],[0,-1.66],[0,0],[1.66,0],[0,0],[0,1.66]],"v":[[9,16],[-9,16],[-12,13],[-12,13],[-9,10],[9,10],[12,13],[12,13]],"c":true}]},{"i":{"x":0.83,"y":1},"o":{"x":0.17,"y":0},"t":118,"s":[{"i":[[1.66,0],[0,0],[0,1.66],[0,0],[-1.66,0],[0,0],[0,-1.66],[0,0]],"o":[[0,0],[-1.66,0],[0,0],[0,-1.66],[0,0],[1.66,0],[0,0],[0,1.66]],"v":[[9,6],[-9,6],[-12,3],[-12,-3],[-9,-6],[9,-6],[12,-3],[12,3]],"c":true}]},{"i":{"x":0.15,"y":1},"o":{"x":0.6,"y":0},"t":124,"s":[{"i":[[1.66,0],[0,0],[0,1.66],[0,0],[-1.66,0],[0,0],[0,-1.66],[0,0]],"o":[[0,0],[-1.66,0],[0,0],[0,-1.66],[0,0],[1.66,0],[0,0],[0,1.66]],"v":[[9,6],[-9,6],[-12,3],[-12,-3],[-9,-6],[9,-6],[12,-3],[12,3]],"c":true}]},{"i":{"x":0.83,"y":1},"o":{"x":0.17,"y":0},"t":154,"s":[{"i":[[1.66,0],[0,0],[0,1.66],[0,0],[-1.66,0],[0,0],[0,-1.66],[0,0]],"o":[[0,0],[-1.66,0],[0,0],[0,-1.66],[0,0],[1.66,0],[0,0],[0,1.66]],"v":[[9,-12],[-9,-12],[-12,-15],[-12,-27],[-9,-30],[9,-30],[12,-27],[12,-15]],"c":true}]},{"i":{"x":0.15,"y":1},"o":{"x":0.6,"y":0},"t":162,"s":[{"i":[[1.66,0],[0,0],[0,1.66],[0,0],[-1.66,0],[0,0],[0,-1.66],[0,0]],"o":[[0,0],[-1.66,0],[0,0],[0,-1.66],[0,0],[1.66,0],[0,0],[0,1.66]],"v":[[9,-12],[-9,-12],[-12,-15],[-12,-27],[-9,-30],[9,-30],[12,-27],[12,-15]],"c":true}]},{"t":194,"s":[{"i":[[1.66,0],[0,0],[0,1.66],[0,0],[-1.66,0],[0,0],[0,-1.66],[0,0]],"o":[[0,0],[-1.66,0],[0,0],[0,-1.66],[0,0],[1.66,0],[0,0],[0,1.66]],"v":[[9,-58],[-9,-58],[-12,-61],[-12,-61],[-9,-64],[9,-64],[12,-61],[12,-61]],"c":true}]}]}},{"ty":"fl","c":{"a":0,"k":[0.796,0.796,0.796]},"o":{"a":0,"k":100},"r":1,"bm":0},{"ty":"tr","p":{"a":0,"k":[113,152]},"a":{"a":0,"k":[0,0]},"s":{"a":0,"k":[100,100]},"r":{"a":0,"k":0},"o":{"a":0,"k":100},"sk":{"a":0,"k":0},"sa":{"a":0,"k":0}}],"bm":0}],"ip":0,"op":192,"st":-15,"bm":0},{"ddd":0,"ind":9,"ty":4,"sr":1,"ks":{"o":{"a":1,"k":[{"i":{"x":[0.15],"y":[1]},"o":{"x":[0.6],"y":[0]},"t":83,"s":[0]},{"i":{"x":[0.83],"y":[1]},"o":{"x":[0.17],"y":[0]},"t":98,"s":[100]},{"i":{"x":[0.15],"y":[1]},"o":{"x":[0.6],"y":[0]},"t":170,"s":[100]},{"t":185,"s":[0]}]},"r":{"a":0,"k":0},"p":{"a":0,"k":[113,165,0]},"a":{"a":0,"k":[113,165,0]},"s":{"a":0,"k":[100,100,100]}},"ao":0,"shapes":[{"ty":"gr","it":[{"ind":0,"ty":"sh","ks":{"a":1,"k":[{"i":{"x":0.15,"y":1},"o":{"x":0.6,"y":0},"t":83,"s":[{"i":[[1.66,0],[0,0],[0,1.66],[0,0],[-1.66,0],[0,0],[0,-1.66],[0,0]],"o":[[0,0],[-1.66,0],[0,0],[0,-1.66],[0,0],[1.66,0],[0,0],[0,1.66]],"v":[[9,16],[-9,16],[-12,13],[-12,13],[-9,10],[9,10],[12,13],[12,13]],"c":true}]},{"i":{"x":0.83,"y":1},"o":{"x":0.17,"y":0},"t":113,"s":[{"i":[[1.66,0],[0,0],[0,1.66],[0,0],[-1.66,0],[0,0],[0,-1.66],[0,0]],"o":[[0,0],[-1.66,0],[0,0],[0,-1.66],[0,0],[1.66,0],[0,0],[0,1.66]],"v":[[9,-12],[-9,-12],[-12,-15],[-12,-27],[-9,-30],[9,-30],[12,-27],[12,-15]],"c":true}]},{"i":{"x":0.15,"y":1},"o":{"x":0.6,"y":0},"t":122,"s":[{"i":[[1.66,0],[0,0],[0,1.66],[0,0],[-1.66,0],[0,0],[0,-1.66],[0,0]],"o":[[0,0],[-1.66,0],[0,0],[0,-1.66],[0,0],[1.66,0],[0,0],[0,1.66]],"v":[[9,-12],[-9,-12],[-12,-15],[-12,-27],[-9,-30],[9,-30],[12,-27],[12,-15]],"c":true}]},{"i":{"x":0.83,"y":1},"o":{"x":0.17,"y":0},"t":152,"s":[{"i":[[1.66,0],[0,0],[0,1.66],[0,0],[-1.66,0],[0,0],[0,-1.66],[0,0]],"o":[[0,0],[-1.66,0],[0,0],[0,-1.66],[0,0],[1.66,0],[0,0],[0,1.66]],"v":[[9,-36],[-9,-36],[-12,-39],[-12,-51],[-9,-54],[9,-54],[12,-51],[12,-39]],"c":true}]},{"i":{"x":0.15,"y":1},"o":{"x":0.6,"y":0},"t":160,"s":[{"i":[[1.66,0],[0,0],[0,1.66],[0,0],[-1.66,0],[0,0],[0,-1.66],[0,0]],"o":[[0,0],[-1.66,0],[0,0],[0,-1.66],[0,0],[1.66,0],[0,0],[0,1.66]],"v":[[9,-36],[-9,-36],[-12,-39],[-12,-51],[-9,-54],[9,-54],[12,-51],[12,-39]],"c":true}]},{"t":187,"s":[{"i":[[1.66,0],[0,0],[0,1.66],[0,0],[-1.66,0],[0,0],[0,-1.66],[0,0]],"o":[[0,0],[-1.66,0],[0,0],[0,-1.66],[0,0],[1.66,0],[0,0],[0,1.66]],"v":[[9,-58],[-9,-58],[-12,-61],[-12,-61],[-9,-64],[9,-64],[12,-61],[12,-61]],"c":true}]}]}},{"ty":"fl","c":{"a":0,"k":[0.796,0.796,0.796]},"o":{"a":0,"k":100},"r":1,"bm":0},{"ty":"tr","p":{"a":0,"k":[113,152]},"a":{"a":0,"k":[0,0]},"s":{"a":0,"k":[100,100]},"r":{"a":0,"k":0},"o":{"a":0,"k":100},"sk":{"a":0,"k":0},"sa":{"a":0,"k":0}}],"bm":0}],"ip":0,"op":190,"st":-15,"bm":0},{"ddd":0,"ind":10,"ty":4,"sr":1,"ks":{"o":{"a":1,"k":[{"i":{"x":[0.15],"y":[1]},"o":{"x":[0.6],"y":[0]},"t":83,"s":[0]},{"i":{"x":[0.83],"y":[1]},"o":{"x":[0.16],"y":[0]},"t":98,"s":[100]},{"i":{"x":[0.15],"y":[1]},"o":{"x":[0.6],"y":[0]},"t":170,"s":[100]},{"t":185,"s":[0]}]},"r":{"a":0,"k":0},"p":{"a":0,"k":[143,165.05,0]},"a":{"a":0,"k":[143,165.05,0]},"s":{"a":0,"k":[100,100,100]}},"ao":0,"shapes":[{"ty":"gr","it":[{"ind":0,"ty":"sh","ks":{"a":1,"k":[{"i":{"x":0.15,"y":1},"o":{"x":0.6,"y":0},"t":83,"s":[{"i":[[1.66,0],[0,0],[0,1.66],[0,0],[-1.66,0],[0,0],[0,-1.66],[0,0]],"o":[[0,0],[-1.66,0],[0,0],[0,-1.66],[0,0],[1.66,0],[0,0],[0,1.66]],"v":[[9,64.03],[-9,64.03],[-12,61.03],[-12,61.06],[-9,58.06],[9,58.06],[12,61.06],[12,61.03]],"c":true}]},{"i":{"x":0.83,"y":1},"o":{"x":0.17,"y":0},"t":113,"s":[{"i":[[1.66,0],[0,0],[0,1.66],[0,0],[-1.66,0],[0,0],[0,-1.66],[0,0]],"o":[[0,0],[-1.66,0],[0,0],[0,-1.66],[0,0],[1.66,0],[0,0],[0,1.66]],"v":[[9,54],[-9,54],[-12,51],[-12,21],[-9,18],[9,18],[12,21],[12,51]],"c":true}]},{"i":{"x":0.15,"y":1},"o":{"x":0.6,"y":0},"t":122,"s":[{"i":[[1.66,0],[0,0],[0,1.66],[0,0],[-1.66,0],[0,0],[0,-1.66],[0,0]],"o":[[0,0],[-1.66,0],[0,0],[0,-1.66],[0,0],[1.66,0],[0,0],[0,1.66]],"v":[[9,54],[-9,54],[-12,51],[-12,21],[-9,18],[9,18],[12,21],[12,51]],"c":true}]},{"i":{"x":0.83,"y":1},"o":{"x":0.17,"y":0},"t":152,"s":[{"i":[[1.66,0],[0,0],[0,1.66],[0,0],[-1.66,0],[0,0],[0,-1.66],[0,0]],"o":[[0,0],[-1.66,0],[0,0],[0,-1.66],[0,0],[1.66,0],[0,0],[0,1.66]],"v":[[9,6],[-9,6],[-12,3],[-12,-3],[-9,-6],[9,-6],[12,-3],[12,3]],"c":true}]},{"i":{"x":0.15,"y":1},"o":{"x":0.6,"y":0},"t":160,"s":[{"i":[[1.66,0],[0,0],[0,1.66],[0,0],[-1.66,0],[0,0],[0,-1.66],[0,0]],"o":[[0,0],[-1.66,0],[0,0],[0,-1.66],[0,0],[1.66,0],[0,0],[0,1.66]],"v":[[9,6],[-9,6],[-12,3],[-12,-3],[-9,-6],[9,-6],[12,-3],[12,3]],"c":true}]},{"t":187,"s":[{"i":[[1.66,0],[0,0],[0,1.66],[0,0],[-1.66,0],[0,0],[0,-1.66],[0,0]],"o":[[0,0],[-1.66,0],[0,0],[0,-1.66],[0,0],[1.66,0],[0,0],[0,1.66]],"v":[[9,-9.95],[-9,-9.95],[-12,-12.95],[-12,-12.92],[-9,-15.92],[9,-15.92],[12,-12.92],[12,-12.95]],"c":true}]}]}},{"ty":"fl","c":{"a":0,"k":[0.796,0.796,0.796]},"o":{"a":0,"k":100},"r":1,"bm":0},{"ty":"tr","p":{"a":0,"k":[143,104]},"a":{"a":0,"k":[0,0]},"s":{"a":0,"k":[100,100]},"r":{"a":0,"k":0},"o":{"a":0,"k":100},"sk":{"a":0,"k":0},"sa":{"a":0,"k":0}}],"bm":0}],"ip":0,"op":190,"st":-15,"bm":0},{"ddd":0,"ind":11,"ty":4,"sr":1,"ks":{"o":{"a":1,"k":[{"i":{"x":[0.15],"y":[1]},"o":{"x":[0.6],"y":[0]},"t":44,"s":[0]},{"i":{"x":[0.83],"y":[1]},"o":{"x":[0.17],"y":[0]},"t":59,"s":[100]},{"i":{"x":[0.15],"y":[1]},"o":{"x":[0.6],"y":[0]},"t":130,"s":[100]},{"t":145,"s":[0]}]},"r":{"a":0,"k":0},"p":{"a":0,"k":[128,128,0]},"a":{"a":0,"k":[128,128,0]},"s":{"a":0,"k":[100,100,100]}},"ao":0,"shapes":[{"ty":"gr","it":[{"ind":0,"ty":"sh","ks":{"a":1,"k":[{"i":{"x":0.15,"y":1},"o":{"x":0.6,"y":0},"t":44,"s":[{"i":[[1.66,0],[0,0],[0,1.66],[0,0],[-1.66,0],[0,0],[0,-1.66],[0,0]],"o":[[0,0],[-1.66,0],[0,0],[0,-1.66],[0,0],[1.66,0],[0,0],[0,1.66]],"v":[[24,28],[-24,28],[-27,25],[-27,25],[-24,22],[24,22],[27,25],[27,25]],"c":true}]},{"i":{"x":0.83,"y":1},"o":{"x":0.17,"y":0},"t":74,"s":[{"i":[[1.66,0],[0,0],[0,1.66],[0,0],[-1.66,0],[0,0],[0,-1.66],[0,0]],"o":[[0,0],[-1.66,0],[0,0],[0,-1.66],[0,0],[1.66,0],[0,0],[0,1.66]],"v":[[24,18],[-24,18],[-27,15],[-27,-15],[-24,-18],[24,-18],[27,-15],[27,15]],"c":true}]},{"i":{"x":0.15,"y":1},"o":{"x":0.6,"y":0},"t":81,"s":[{"i":[[1.66,0],[0,0],[0,1.66],[0,0],[-1.66,0],[0,0],[0,-1.66],[0,0]],"o":[[0,0],[-1.66,0],[0,0],[0,-1.66],[0,0],[1.66,0],[0,0],[0,1.66]],"v":[[24,18],[-24,18],[-27,15],[-27,-15],[-24,-18],[24,-18],[27,-15],[27,15]],"c":true}]},{"i":{"x":0.83,"y":1},"o":{"x":0.17,"y":0},"t":111,"s":[{"i":[[1.66,0],[0,0],[0,1.66],[0,0],[-1.66,0],[0,0],[0,-1.66],[0,0]],"o":[[0,0],[-1.66,0],[0,0],[0,-1.66],[0,0],[1.66,0],[0,0],[0,1.66]],"v":[[24,-24],[-24,-24],[-27,-27],[-27,-39],[-24,-42],[24,-42],[27,-39],[27,-27]],"c":true}]},{"i":{"x":0.15,"y":1},"o":{"x":0.6,"y":0},"t":120,"s":[{"i":[[1.66,0],[0,0],[0,1.66],[0,0],[-1.66,0],[0,0],[0,-1.66],[0,0]],"o":[[0,0],[-1.66,0],[0,0],[0,-1.66],[0,0],[1.66,0],[0,0],[0,1.66]],"v":[[24,-24],[-24,-24],[-27,-27],[-27,-39],[-24,-42],[24,-42],[27,-39],[27,-27]],"c":true}]},{"t":150,"s":[{"i":[[1.66,0],[0,0],[0,1.66],[0,0],[-1.66,0],[0,0],[0,-1.66],[0,0]],"o":[[0,0],[-1.66,0],[0,0],[0,-1.66],[0,0],[1.66,0],[0,0],[0,1.66]],"v":[[24,-45.98],[-24,-45.98],[-27,-48.98],[-27,-48.98],[-24,-51.98],[24,-51.98],[27,-48.98],[27,-48.98]],"c":true}]}]}},{"ty":"fl","c":{"a":0,"k":[0.796,0.796,0.796]},"o":{"a":0,"k":100},"r":1,"bm":0},{"ty":"tr","p":{"a":0,"k":[128,140]},"a":{"a":0,"k":[0,0]},"s":{"a":0,"k":[100,100]},"r":{"a":0,"k":0},"o":{"a":0,"k":100},"sk":{"a":0,"k":0},"sa":{"a":0,"k":0}}],"bm":0}],"ip":0,"op":150,"st":-15,"bm":0},{"ddd":0,"ind":12,"ty":4,"sr":1,"ks":{"o":{"a":1,"k":[{"i":{"x":[0.15],"y":[1]},"o":{"x":[0.6],"y":[0]},"t":4,"s":[0]},{"i":{"x":[0.83],"y":[1]},"o":{"x":[0.17],"y":[0]},"t":19,"s":[100]},{"i":{"x":[0.15],"y":[1]},"o":{"x":[0.6],"y":[0]},"t":90,"s":[100]},{"t":105,"s":[0]}]},"r":{"a":0,"k":0},"p":{"a":0,"k":[143,165.05,0]},"a":{"a":0,"k":[143,165.05,0]},"s":{"a":0,"k":[100,100,100]}},"ao":0,"shapes":[{"ty":"gr","it":[{"ind":0,"ty":"sh","ks":{"a":1,"k":[{"i":{"x":0.15,"y":1},"o":{"x":0.6,"y":0},"t":4,"s":[{"i":[[1.66,0],[0,0],[0,1.66],[0,0],[-1.66,0],[0,0],[0,-1.66],[0,0]],"o":[[0,0],[-1.66,0],[0,0],[0,-1.66],[0,0],[1.66,0],[0,0],[0,1.66]],"v":[[9,64.03],[-9,64.03],[-12,61.03],[-12,61.06],[-9,58.06],[9,58.06],[12,61.06],[12,61.03]],"c":true}]},{"i":{"x":0.83,"y":1},"o":{"x":0.17,"y":0},"t":34,"s":[{"i":[[1.66,0],[0,0],[0,1.66],[0,0],[-1.66,0],[0,0],[0,-1.66],[0,0]],"o":[[0,0],[-1.66,0],[0,0],[0,-1.66],[0,0],[1.66,0],[0,0],[0,1.66]],"v":[[9,54],[-9,54],[-12,51],[-12,45.02],[-9,42.02],[9,42.02],[12,45.02],[12,51]],"c":true}]},{"i":{"x":0.15,"y":1},"o":{"x":0.6,"y":0},"t":42,"s":[{"i":[[1.66,0],[0,0],[0,1.66],[0,0],[-1.66,0],[0,0],[0,-1.66],[0,0]],"o":[[0,0],[-1.66,0],[0,0],[0,-1.66],[0,0],[1.66,0],[0,0],[0,1.66]],"v":[[9,54],[-9,54],[-12,51],[-12,45.02],[-9,42.02],[9,42.02],[12,45.02],[12,51]],"c":true}]},{"i":{"x":0.83,"y":1},"o":{"x":0.17,"y":0},"t":72,"s":[{"i":[[1.66,0],[0,0],[0,1.66],[0,0],[-1.66,0],[0,0],[0,-1.66],[0,0]],"o":[[0,0],[-1.66,0],[0,0],[0,-1.66],[0,0],[1.66,0],[0,0],[0,1.66]],"v":[[9,12],[-9,12],[-12,9],[-12,-3],[-9,-6],[9,-6],[12,-3],[12,9]],"c":true}]},{"i":{"x":0.15,"y":1},"o":{"x":0.6,"y":0},"t":80,"s":[{"i":[[1.66,0],[0,0],[0,1.66],[0,0],[-1.66,0],[0,0],[0,-1.66],[0,0]],"o":[[0,0],[-1.66,0],[0,0],[0,-1.66],[0,0],[1.66,0],[0,0],[0,1.66]],"v":[[9,12],[-9,12],[-12,9],[-12,-3],[-9,-6],[9,-6],[12,-3],[12,9]],"c":true}]},{"t":110,"s":[{"i":[[1.66,0],[0,0],[0,1.66],[0,0],[-1.66,0],[0,0],[0,-1.66],[0,0]],"o":[[0,0],[-1.66,0],[0,0],[0,-1.66],[0,0],[1.66,0],[0,0],[0,1.66]],"v":[[9,-9.95],[-9,-9.95],[-12,-12.95],[-12,-12.92],[-9,-15.92],[9,-15.92],[12,-12.92],[12,-12.95]],"c":true}]}]}},{"ty":"fl","c":{"a":0,"k":[0.796,0.796,0.796]},"o":{"a":0,"k":100},"r":1,"bm":0},{"ty":"tr","p":{"a":0,"k":[143,104]},"a":{"a":0,"k":[0,0]},"s":{"a":0,"k":[100,100]},"r":{"a":0,"k":0},"o":{"a":0,"k":100},"sk":{"a":0,"k":0},"sa":{"a":0,"k":0}}],"bm":0}],"ip":0,"op":110,"st":-15,"bm":0},{"ddd":0,"ind":13,"ty":4,"sr":1,"ks":{"o":{"a":1,"k":[{"i":{"x":[0.15],"y":[1]},"o":{"x":[0.6],"y":[0]},"t":50,"s":[100]},{"t":65,"s":[0]}]},"r":{"a":0,"k":0},"p":{"s":true,"x":{"a":0,"k":143},"y":{"a":0,"k":137}},"a":{"a":0,"k":[143,137,0]},"s":{"a":0,"k":[100,100,100]}},"ao":0,"shapes":[{"ty":"gr","it":[{"ind":0,"ty":"sh","ks":{"a":1,"k":[{"i":{"x":0.15,"y":1},"o":{"x":0.6,"y":0},"t":2,"s":[{"i":[[1.66,0],[0,0],[0,1.66],[0,0],[-1.66,0],[0,0],[0,-1.66],[0,0]],"o":[[0,0],[-1.66,0],[0,0],[0,-1.66],[0,0],[1.66,0],[0,0],[0,1.66]],"v":[[9,21],[-9,21],[-12,18],[-12,-18],[-9,-21],[9,-21],[12,-18],[12,18]],"c":true}]},{"i":{"x":0.83,"y":1},"o":{"x":0.17,"y":0},"t":32,"s":[{"i":[[1.66,0],[0,0],[0,1.66],[0,0],[-1.66,0],[0,0],[0,-1.66],[0,0]],"o":[[0,0],[-1.66,0],[0,0],[0,-1.66],[0,0],[1.66,0],[0,0],[0,1.66]],"v":[[9,3],[-9,3],[-12,0],[-12,-36],[-9,-39],[9,-39],[12,-36],[12,0]],"c":true}]},{"i":{"x":0.15,"y":1},"o":{"x":0.6,"y":0},"t":40,"s":[{"i":[[1.66,0],[0,0],[0,1.66],[0,0],[-1.66,0],[0,0],[0,-1.66],[0,0]],"o":[[0,0],[-1.66,0],[0,0],[0,-1.66],[0,0],[1.66,0],[0,0],[0,1.66]],"v":[[9,3],[-9,3],[-12,0],[-12,-36],[-9,-39],[9,-39],[12,-36],[12,0]],"c":true}]},{"t":70,"s":[{"i":[[1.66,0],[0,0],[0,1.66],[0,0],[-1.66,0],[0,0],[0,-1.66],[0,0]],"o":[[0,0],[-1.66,0],[0,0],[0,-1.66],[0,0],[1.66,0],[0,0],[0,1.66]],"v":[[9,-42.95],[-9,-42.95],[-12,-45.95],[-12,-45.92],[-9,-48.92],[9,-48.92],[12,-45.92],[12,-45.95]],"c":true}]}]}},{"ty":"fl","c":{"a":0,"k":[0.796,0.796,0.796]},"o":{"a":0,"k":100},"r":1,"bm":0},{"ty":"tr","p":{"a":0,"k":[143,137]},"a":{"a":0,"k":[0,0]},"s":{"a":0,"k":[100,100]},"r":{"a":0,"k":0},"o":{"a":0,"k":100},"sk":{"a":0,"k":0},"sa":{"a":0,"k":0}}],"bm":0}],"ip":0,"op":70,"st":-15,"bm":0},{"ddd":0,"ind":14,"ty":4,"sr":1,"ks":{"o":{"a":1,"k":[{"i":{"x":[0.15],"y":[1]},"o":{"x":[0.6],"y":[0]},"t":90,"s":[100]},{"t":105,"s":[0]}]},"r":{"a":0,"k":0},"p":{"s":true,"x":{"a":0,"k":113},"y":{"a":0,"k":152}},"a":{"a":0,"k":[113,152,0]},"s":{"a":0,"k":[100,100,100]}},"ao":0,"shapes":[{"ty":"gr","it":[{"ind":0,"ty":"sh","ks":{"a":1,"k":[{"i":{"x":0.15,"y":1},"o":{"x":0.6,"y":0},"t":2,"s":[{"i":[[1.66,0],[0,0],[0,1.66],[0,0],[-1.66,0],[0,0],[0,-1.66],[0,0]],"o":[[0,0],[-1.66,0],[0,0],[0,-1.66],[0,0],[1.66,0],[0,0],[0,1.66]],"v":[[9,6],[-9,6],[-12,3],[-12,-3],[-9,-6],[9,-6],[12,-3],[12,3]],"c":true}]},{"i":{"x":0.83,"y":1},"o":{"x":0.17,"y":0},"t":32,"s":[{"i":[[1.66,0],[0,0],[0,1.66],[0,0],[-1.66,0],[0,0],[0,-1.66],[0,0]],"o":[[0,0],[-1.66,0],[0,0],[0,-1.66],[0,0],[1.66,0],[0,0],[0,1.66]],"v":[[9,6],[-9,6],[-12,3],[-12,-33],[-9,-36],[9,-36],[12,-33],[12,3]],"c":true}]},{"i":{"x":0.15,"y":1},"o":{"x":0.6,"y":0},"t":42,"s":[{"i":[[1.66,0],[0,0],[0,1.66],[0,0],[-1.66,0],[0,0],[0,-1.66],[0,0]],"o":[[0,0],[-1.66,0],[0,0],[0,-1.66],[0,0],[1.66,0],[0,0],[0,1.66]],"v":[[9,6],[-9,6],[-12,3],[-12,-33],[-9,-36],[9,-36],[12,-33],[12,3]],"c":true}]},{"i":{"x":0.83,"y":1},"o":{"x":0.17,"y":0},"t":72,"s":[{"i":[[1.66,0],[0,0],[0,1.66],[0,0],[-1.66,0],[0,0],[0,-1.66],[0,0]],"o":[[0,0],[-1.66,0],[0,0],[0,-1.66],[0,0],[1.66,0],[0,0],[0,1.66]],"v":[[9,-36],[-9,-36],[-12,-39],[-12,-50.98],[-9,-53.98],[9,-53.98],[12,-50.98],[12,-39]],"c":true}]},{"i":{"x":0.15,"y":1},"o":{"x":0.6,"y":0},"t":80,"s":[{"i":[[1.66,0],[0,0],[0,1.66],[0,0],[-1.66,0],[0,0],[0,-1.66],[0,0]],"o":[[0,0],[-1.66,0],[0,0],[0,-1.66],[0,0],[1.66,0],[0,0],[0,1.66]],"v":[[9,-36],[-9,-36],[-12,-39],[-12,-50.98],[-9,-53.98],[9,-53.98],[12,-50.98],[12,-39]],"c":true}]},{"t":110,"s":[{"i":[[1.66,0],[0,0],[0,1.66],[0,0],[-1.66,0],[0,0],[0,-1.66],[0,0]],"o":[[0,0],[-1.66,0],[0,0],[0,-1.66],[0,0],[1.66,0],[0,0],[0,1.66]],"v":[[9,-58],[-9,-58],[-12,-61],[-12,-61],[-9,-64],[9,-64],[12,-61],[12,-61]],"c":true}]}]}},{"ty":"fl","c":{"a":0,"k":[0.796,0.796,0.796]},"o":{"a":0,"k":100},"r":1,"bm":0},{"ty":"tr","p":{"a":0,"k":[113,152]},"a":{"a":0,"k":[0,0]},"s":{"a":0,"k":[100,100]},"r":{"a":0,"k":0},"o":{"a":0,"k":100},"sk":{"a":0,"k":0},"sa":{"a":0,"k":0}}],"bm":0}],"ip":0,"op":110,"st":-15,"bm":0},{"ddd":0,"ind":15,"ty":4,"sr":1,"ks":{"o":{"a":1,"k":[{"i":{"x":[0.15],"y":[1]},"o":{"x":[0.6],"y":[0]},"t":10,"s":[100]},{"t":25,"s":[0]}]},"r":{"a":0,"k":0},"p":{"s":true,"x":{"a":0,"k":143},"y":{"a":0,"k":104}},"a":{"a":0,"k":[143,104,0]},"s":{"a":0,"k":[100,100,100]}},"ao":0,"shapes":[{"ty":"gr","it":[{"ind":0,"ty":"sh","ks":{"a":1,"k":[{"i":{"x":0.15,"y":1},"o":{"x":0.6,"y":0},"t":0,"s":[{"i":[[1.66,0],[0,0],[0,1.66],[0,0],[-1.66,0],[0,0],[0,-1.66],[0,0]],"o":[[0,0],[-1.66,0],[0,0],[0,-1.66],[0,0],[1.66,0],[0,0],[0,1.66]],"v":[[9,6],[-9,6],[-12,3],[-12,-3],[-9,-6],[9,-6],[12,-3],[12,3]],"c":true}]},{"t":30,"s":[{"i":[[1.66,0],[0,0],[0,1.66],[0,0],[-1.66,0],[0,0],[0,-1.66],[0,0]],"o":[[0,0],[-1.66,0],[0,0],[0,-1.66],[0,0],[1.66,0],[0,0],[0,1.66]],"v":[[9,-9.95],[-9,-9.95],[-12,-12.95],[-12,-12.92],[-9,-15.92],[9,-15.92],[12,-12.92],[12,-12.95]],"c":true}]}]}},{"ty":"fl","c":{"a":0,"k":[0.796,0.796,0.796]},"o":{"a":0,"k":100},"r":1,"bm":0},{"ty":"tr","p":{"a":0,"k":[143,104]},"a":{"a":0,"k":[0,0]},"s":{"a":0,"k":[100,100]},"r":{"a":0,"k":0},"o":{"a":0,"k":100},"sk":{"a":0,"k":0},"sa":{"a":0,"k":0}}],"bm":0}],"ip":0,"op":35,"st":-15,"bm":0},{"ddd":0,"ind":16,"ty":4,"sr":1,"ks":{"o":{"a":1,"k":[{"i":{"x":[0.15],"y":[1]},"o":{"x":[0.6],"y":[0]},"t":50,"s":[100]},{"t":65,"s":[0]}]},"r":{"a":0,"k":0},"p":{"s":true,"x":{"a":0,"k":113},"y":{"a":0,"k":119}},"a":{"a":0,"k":[113,119,0]},"s":{"a":0,"k":[100,100,100]}},"ao":0,"shapes":[{"ty":"gr","it":[{"ind":0,"ty":"sh","ks":{"a":1,"k":[{"i":{"x":0.15,"y":1},"o":{"x":0.6,"y":0},"t":0,"s":[{"i":[[1.66,0],[0,0],[0,1.66],[0,0],[-1.66,0],[0,0],[0,-1.66],[0,0]],"o":[[0,0],[-1.66,0],[0,0],[0,-1.66],[0,0],[1.66,0],[0,0],[0,1.66]],"v":[[9,21],[-9,21],[-12,18],[-12,-18],[-9,-21],[9,-21],[12,-18],[12,18]],"c":true}]},{"i":{"x":0.83,"y":1},"o":{"x":0.35,"y":0},"t":30,"s":[{"i":[[1.66,0],[0,0],[0,1.66],[0,0],[-1.66,0],[0,0],[0,-1.66],[0,0]],"o":[[0,0],[-1.66,0],[0,0],[0,-1.66],[0,0],[1.66,0],[0,0],[0,1.66]],"v":[[9,-8.97],[-9,-8.97],[-12,-11.97],[-12,-18],[-9,-21],[9,-21],[12,-18],[12,-11.97]],"c":true}]},{"i":{"x":0.15,"y":1},"o":{"x":0.6,"y":0},"t":40,"s":[{"i":[[1.66,0],[0,0],[0,1.66],[0,0],[-1.66,0],[0,0],[0,-1.66],[0,0]],"o":[[0,0],[-1.66,0],[0,0],[0,-1.66],[0,0],[1.66,0],[0,0],[0,1.66]],"v":[[9,-8.97],[-9,-8.97],[-12,-11.97],[-12,-18],[-9,-21],[9,-21],[12,-18],[12,-11.97]],"c":true}]},{"t":70,"s":[{"i":[[1.66,0],[0,0],[0,1.66],[0,0],[-1.66,0],[0,0],[0,-1.66],[0,0]],"o":[[0,0],[-1.66,0],[0,0],[0,-1.66],[0,0],[1.66,0],[0,0],[0,1.66]],"v":[[9,-25],[-9,-25],[-12,-28],[-12,-28],[-9,-31],[9,-31],[12,-28],[12,-28]],"c":true}]}]}},{"ty":"fl","c":{"a":0,"k":[0.796,0.796,0.796]},"o":{"a":0,"k":100},"r":1,"bm":0},{"ty":"tr","p":{"a":0,"k":[113,119]},"a":{"a":0,"k":[0,0]},"s":{"a":0,"k":[100,100]},"r":{"a":0,"k":0},"o":{"a":0,"k":100},"sk":{"a":0,"k":0},"sa":{"a":0,"k":0}}],"bm":0}],"ip":0,"op":70,"st":-15,"bm":0}]}],"layers":[{"ddd":0,"ind":1,"ty":0,"refId":"comp_0","sr":1,"ks":{"o":{"a":0,"k":100},"r":{"a":0,"k":0},"p":{"a":0,"k":[128,128,0]},"a":{"a":0,"k":[128,128,0]},"s":{"a":0,"k":[100,100,100]}},"ao":0,"hasMask":true,"masksProperties":[{"inv":false,"mode":"a","pt":{"a":0,"k":{"i":[[0,0],[0,0],[0,0],[0,0]],"o":[[0,0],[0,0],[0,0],[0,0]],"v":[[161.17,94.59],[94.84,94.59],[94.84,160.92],[161.17,160.92]],"c":true}},"o":{"a":0,"k":100},"x":{"a":0,"k":0}}],"w":256,"h":256,"ip":0,"op":273,"st":0,"bm":0}],"markers":[]}