{"ddd":0,"h":182,"w":182,"meta":{"g":"LottieFiles AE 1.0.0"},"layers":[{"ty":1,"sr":1,"st":0,"op":900,"ip":0,"ddd":0,"bm":0,"hasMask":true,"ao":0,"ks":{"a":{"a":0,"k":[50,50,0]},"s":{"a":0,"k":[182,182,100]},"sk":{"a":0,"k":0},"p":{"a":0,"k":[91,91,0]},"r":{"a":0,"k":0},"sa":{"a":0,"k":0},"o":{"a":0,"k":100}},"ef":[],"masksProperties":[{"inv":false,"mode":"a","x":{"a":0,"k":0},"o":{"a":0,"k":100},"pt":{"a":1,"k":[{"o":{"x":0.9,"y":0},"i":{"x":0.1,"y":1},"s":[{"c":true,"i":[[-28.5,0.5],[0,-27.61],[-27.61,0],[0,27.61]],"o":[[-27.61,0],[0,27.61],[-28.5,-0.5],[0,-27.61]],"v":[[50,0],[0,50],[50,100],[0,50]]}],"t":0},{"s":[{"c":true,"i":[[27.61,0],[0,-27.61],[-27.61,0],[0,27.61]],"o":[[-27.61,0],[0,27.61],[27.61,0],[0,-27.61]],"v":[[50,0],[0,50],[50,100],[100,50]]}],"t":11}]}}],"sc":"#94b9e6","sh":100,"sw":100,"ind":1}],"v":"4.8.0","fr":30,"op":30,"ip":0,"assets":[]}