{"v":"5.5.2","fr":25,"ip":0,"op":100,"w":750,"h":750,"ddd":0,"assets":[],"fonts":{"list":[{"fName":"OpenSans-Semibold","fFamily":"Open Sans","fStyle":"Semibold","ascent":76}]},"layers":[{"ddd":0,"ind":1,"ty":3,"sr":1,"ks":{"o":{"a":0,"k":0},"r":{"a":0,"k":0},"p":{"a":0,"k":[375,375,0]},"a":{"a":0,"k":[0,0,0]},"s":{"a":0,"k":[559,559,100]}},"ao":0,"ip":0,"op":125,"st":0,"cp":true,"bm":0},{"ddd":0,"ind":2,"ty":5,"parent":3,"sr":1,"ks":{"o":{"a":0,"k":100},"r":{"a":0,"k":0},"p":{"a":0,"k":[21.92,31.53,0]},"a":{"a":0,"k":[0,0,0]},"s":{"a":0,"k":[100,100,100]}},"ao":0,"t":{"d":{"k":[{"s":{"s":28,"f":"OpenSans-Semibold","t":"","j":2,"tr":0,"lh":33.6,"ls":0,"fc":[1,1,1]},"t":0}]},"p":{},"m":{"g":1,"a":{"a":0,"k":[0,0]}},"a":[]},"ip":0,"op":125,"st":0,"cp":true,"bm":0},{"ddd":0,"ind":3,"ty":4,"parent":1,"sr":1,"ks":{"o":{"a":0,"k":100},"r":{"a":1,"k":[{"i":{"x":[0.67],"y":[1]},"o":{"x":[0.33],"y":[0]},"t":2,"s":[0],"e":[-20]},{"i":{"x":[0.67],"y":[1]},"o":{"x":[0.33],"y":[0]},"t":8.88,"s":[-20],"e":[15]},{"i":{"x":[0.67],"y":[1]},"o":{"x":[0.33],"y":[0]},"t":14.99,"s":[15],"e":[-10]},{"i":{"x":[0.67],"y":[1]},"o":{"x":[0.33],"y":[0]},"t":21.86,"s":[-10],"e":[6]},{"i":{"x":[0.67],"y":[1]},"o":{"x":[0.33],"y":[0]},"t":29.5,"s":[6],"e":[-4]},{"i":{"x":[0.67],"y":[1]},"o":{"x":[0.33],"y":[0]},"t":35.61,"s":[-4],"e":[2]},{"i":{"x":[0.67],"y":[1]},"o":{"x":[0.33],"y":[0]},"t":42.49,"s":[2],"e":[-1]},{"i":{"x":[0.67],"y":[1]},"o":{"x":[0.33],"y":[0]},"t":49.36,"s":[-1],"e":[0]},{"t":57}]},"p":{"a":0,"k":[30.96,-25.92,0]},"a":{"a":0,"k":[21.88,21.88,0]},"s":{"a":1,"k":[{"i":{"x":[0.67,0.67,0.67],"y":[1,1,1]},"o":{"x":[0.33,0.33,0.33],"y":[0,0,0]},"t":0,"s":[0,0,100],"e":[110,110,100]},{"i":{"x":[0.67,0.67,0.67],"y":[1,1,1]},"o":{"x":[0.33,0.33,0.33],"y":[0,0,0]},"t":6.88,"s":[110,110,100],"e":[90,90,100]},{"i":{"x":[0.67,0.67,0.67],"y":[1,1,1]},"o":{"x":[0.33,0.33,0.33],"y":[0,0,0]},"t":12.99,"s":[90,90,100],"e":[105,105,100]},{"i":{"x":[0.83,0.83,0.83],"y":[1,1,1]},"o":{"x":[0.33,0.33,0.33],"y":[0,0,0]},"t":19.86,"s":[105,105,100],"e":[97,97,100]},{"i":{"x":[0.83,0.83,0.83],"y":[1,1,1]},"o":{"x":[0.17,0.17,0.17],"y":[0,0,0]},"t":27.5,"s":[97,97,100],"e":[102,102,100]},{"i":{"x":[0.83,0.83,0.83],"y":[1,1,1]},"o":{"x":[0.17,0.17,0.17],"y":[0,0,0]},"t":33.61,"s":[102,102,100],"e":[99,99,100]},{"i":{"x":[0.83,0.83,0.83],"y":[1,1,1]},"o":{"x":[0.17,0.17,0.17],"y":[0,0,0]},"t":40.49,"s":[99,99,100],"e":[100.5,100.5,100]},{"i":{"x":[0.83,0.83,0.83],"y":[1,1,1]},"o":{"x":[0.17,0.17,0.17],"y":[0,0,0]},"t":47.36,"s":[100.5,100.5,100],"e":[100,100,100]},{"t":55}]}},"ao":0,"shapes":[{"ty":"gr","it":[{"ind":0,"ty":"sh","ks":{"a":0,"k":{"i":[[0,-11.95],[11.95,0],[0,11.95],[-11.94,0]],"o":[[0,11.95],[-11.94,0],[0,-11.95],[11.95,0]],"v":[[21.63,0],[0,21.63],[-21.63,0],[0,-21.63]],"c":true}}},{"ty":"fl","c":{"a":0,"k":[0.231,0.443,0.792]},"o":{"a":0,"k":100},"r":1,"bm":0},{"ty":"tr","p":{"a":0,"k":[21.88,21.88]},"a":{"a":0,"k":[0,0]},"s":{"a":0,"k":[100,100]},"r":{"a":0,"k":0},"o":{"a":0,"k":100},"sk":{"a":0,"k":0},"sa":{"a":0,"k":0}}],"bm":0}],"ip":0,"op":125,"st":0,"cp":true,"bm":0},{"ddd":0,"ind":4,"ty":4,"parent":3,"td":1,"sr":1,"ks":{"o":{"a":0,"k":100},"r":{"a":0,"k":0},"p":{"a":0,"k":[21.88,21.88,0]},"a":{"a":0,"k":[21.88,21.88,0]},"s":{"a":0,"k":[115,115,100]}},"ao":0,"shapes":[{"ty":"gr","it":[{"ind":0,"ty":"sh","ks":{"a":0,"k":{"i":[[0,-11.95],[11.95,0],[0,11.95],[-11.94,0]],"o":[[0,11.95],[-11.94,0],[0,-11.95],[11.95,0]],"v":[[21.63,0],[0,21.63],[-21.63,0],[0,-21.63]],"c":true}}},{"ty":"fl","c":{"a":0,"k":[1,1,1]},"o":{"a":0,"k":100},"r":1,"bm":0},{"ty":"tr","p":{"a":0,"k":[21.88,21.88]},"a":{"a":0,"k":[0,0]},"s":{"a":0,"k":[100,100]},"r":{"a":0,"k":0},"o":{"a":0,"k":100},"sk":{"a":0,"k":0},"sa":{"a":0,"k":0}}],"bm":0}],"ip":0,"op":125,"st":0,"cp":true,"bm":0},{"ddd":0,"ind":5,"ty":4,"parent":1,"tt":2,"sr":1,"ks":{"o":{"a":0,"k":100},"r":{"a":1,"k":[{"i":{"x":[0.67],"y":[1]},"o":{"x":[0.33],"y":[0]},"t":0,"s":[0],"e":[-20]},{"i":{"x":[0.67],"y":[1]},"o":{"x":[0.33],"y":[0]},"t":9,"s":[-20],"e":[15]},{"i":{"x":[0.67],"y":[1]},"o":{"x":[0.33],"y":[0]},"t":17,"s":[15],"e":[-8]},{"i":{"x":[0.67],"y":[1]},"o":{"x":[0.33],"y":[0]},"t":26,"s":[-8],"e":[4]},{"i":{"x":[0.67],"y":[1]},"o":{"x":[0.33],"y":[0]},"t":36,"s":[4],"e":[-2]},{"i":{"x":[0.67],"y":[1]},"o":{"x":[0.33],"y":[0]},"t":45,"s":[-2],"e":[1]},{"i":{"x":[0.67],"y":[1]},"o":{"x":[0.33],"y":[0]},"t":54,"s":[1],"e":[-0.5]},{"i":{"x":[0.67],"y":[1]},"o":{"x":[0.33],"y":[0]},"t":63,"s":[-0.5],"e":[0.25]},{"i":{"x":[0.67],"y":[1]},"o":{"x":[0.33],"y":[0]},"t":73,"s":[0.25],"e":[0]},{"t":84}]},"p":{"a":0,"k":[-0.56,-51.55,0]},"a":{"a":0,"k":[44.94,0.25,0]},"s":{"a":0,"k":[100,100,100]}},"ao":0,"shapes":[{"ty":"gr","it":[{"ind":0,"ty":"sh","ks":{"a":0,"k":{"i":[[2.57,3.14],[0,0],[0,0],[13.84,3.37],[0,0],[4.05,0],[0,-4.05],[0,0],[0,-14.88],[0,0],[0,0],[0,0],[-4.2,0],[0,0],[0,0],[0,0]],"o":[[0,0],[0,0],[0,-14.84],[0,0],[0,-4.05],[-4.05,0],[0,0],[-13.9,3.32],[0,0],[0,0],[0,0],[-2.29,3.17],[0,0],[0,0],[0,0],[4.34,0]],"v":[[42.73,35.65],[30.95,26.02],[30.95,-1.78],[6.76,-32.51],[6.76,-35.86],[-0.61,-43.23],[-7.98,-35.86],[-7.98,-32.54],[-32.3,-1.78],[-32.3,25.91],[-32.35,25.91],[-43,35.87],[-38.58,43.23],[-26.4,43.23],[25.06,43.23],[38.47,43.23]],"c":true}}},{"ty":"fl","c":{"a":0,"k":[1,1,1]},"o":{"a":0,"k":100},"r":1,"bm":0},{"ty":"tr","p":{"a":0,"k":[45.55,43.48]},"a":{"a":0,"k":[0,0]},"s":{"a":0,"k":[100,100]},"r":{"a":0,"k":0},"o":{"a":0,"k":100},"sk":{"a":0,"k":0},"sa":{"a":0,"k":0}}],"bm":0}],"ip":0,"op":125,"st":0,"cp":true,"bm":0},{"ddd":0,"ind":6,"ty":4,"parent":5,"td":1,"sr":1,"ks":{"o":{"a":0,"k":100},"r":{"a":0,"k":0},"p":{"a":0,"k":[45.55,48.48,0]},"a":{"a":0,"k":[45.55,43.48,0]},"s":{"a":0,"k":[100,100,100]}},"ao":0,"shapes":[{"ty":"gr","it":[{"ind":0,"ty":"sh","ks":{"a":0,"k":{"i":[[2.57,3.14],[0,0],[0,0],[13.84,3.37],[0,0],[4.05,0],[0,-4.05],[0,0],[0,-14.88],[0,0],[0,0],[0,0],[-4.2,0],[0,0],[0,0],[0,0]],"o":[[0,0],[0,0],[0,-14.84],[0,0],[0,-4.05],[-4.05,0],[0,0],[-13.9,3.32],[0,0],[0,0],[0,0],[-2.29,3.17],[0,0],[0,0],[0,0],[4.34,0]],"v":[[42.73,35.65],[30.95,26.02],[30.95,-1.78],[6.76,-32.51],[6.76,-35.86],[-0.61,-43.23],[-7.98,-35.86],[-7.98,-32.54],[-32.3,-1.78],[-32.3,25.91],[-32.35,25.91],[-43,35.87],[-38.58,43.23],[-26.4,43.23],[25.06,43.23],[38.47,43.23]],"c":true}}},{"ty":"fl","c":{"a":0,"k":[1,1,1]},"o":{"a":0,"k":100},"r":1,"bm":0},{"ty":"tr","p":{"a":0,"k":[45.55,43.48]},"a":{"a":0,"k":[0,0]},"s":{"a":0,"k":[100,100]},"r":{"a":0,"k":0},"o":{"a":0,"k":100},"sk":{"a":0,"k":0},"sa":{"a":0,"k":0}}],"bm":0}],"ip":0,"op":125,"st":0,"cp":true,"bm":0},{"ddd":0,"ind":7,"ty":4,"parent":5,"tt":2,"sr":1,"ks":{"o":{"a":0,"k":100},"r":{"a":0,"k":0},"p":{"a":1,"k":[{"i":{"x":0.67,"y":1},"o":{"x":0.33,"y":0},"t":5,"s":[45.5,79.8,0],"e":[23.5,79.8,0],"to":[0,0,0],"ti":[0,0,0]},{"i":{"x":0.67,"y":1},"o":{"x":0.33,"y":0},"t":14,"s":[23.5,79.8,0],"e":[67.5,79.8,0],"to":[0,0,0],"ti":[0,0,0]},{"i":{"x":0.67,"y":1},"o":{"x":0.33,"y":0},"t":22,"s":[67.5,79.8,0],"e":[32.5,79.8,0],"to":[0,0,0],"ti":[0,0,0]},{"i":{"x":0.67,"y":1},"o":{"x":0.33,"y":0},"t":31,"s":[32.5,79.8,0],"e":[59.5,79.8,0],"to":[0,0,0],"ti":[0,0,0]},{"i":{"x":0.67,"y":1},"o":{"x":0.33,"y":0},"t":41,"s":[59.5,79.8,0],"e":[39.5,79.8,0],"to":[0,0,0],"ti":[0,0,0]},{"i":{"x":0.67,"y":1},"o":{"x":0.33,"y":0},"t":50,"s":[39.5,79.8,0],"e":[55.5,79.8,0],"to":[0,0,0],"ti":[0,0,0]},{"i":{"x":0.67,"y":1},"o":{"x":0.33,"y":0},"t":59,"s":[55.5,79.8,0],"e":[40.28,79.8,0],"to":[0,0,0],"ti":[0,0,0]},{"i":{"x":0.67,"y":1},"o":{"x":0.33,"y":0},"t":68,"s":[40.28,79.8,0],"e":[47.98,79.8,0],"to":[0,0,0],"ti":[0,0,0]},{"i":{"x":0.67,"y":1},"o":{"x":0.33,"y":0},"t":78,"s":[47.98,79.8,0],"e":[44.52,79.8,0],"to":[0,0,0],"ti":[0,0,0]},{"i":{"x":0.67,"y":1},"o":{"x":0.33,"y":0},"t":88,"s":[44.52,79.8,0],"e":[45.5,79.8,0],"to":[0,0,0],"ti":[0,0,0]},{"t":97}]},"a":{"a":0,"k":[0,-12,0]},"s":{"a":0,"k":[100,100,100]}},"ao":0,"shapes":[{"ty":"gr","it":[{"d":1,"ty":"el","s":{"a":0,"k":[23,23]},"p":{"a":1,"k":[{"i":{"x":0.67,"y":1},"o":{"x":0.33,"y":0},"t":5,"s":[0,0],"e":[0,-3],"to":[0,0],"ti":[0,0]},{"i":{"x":0.67,"y":1},"o":{"x":0.33,"y":0},"t":14,"s":[0,-3],"e":[0,0],"to":[0,0],"ti":[0,0]},{"i":{"x":0.67,"y":1},"o":{"x":0.33,"y":0},"t":18,"s":[0,0],"e":[0,-2.75],"to":[0,0],"ti":[0,0]},{"i":{"x":0.67,"y":1},"o":{"x":0.33,"y":0},"t":22,"s":[0,-2.75],"e":[0,0],"to":[0,0],"ti":[0,0]},{"i":{"x":0.67,"y":1},"o":{"x":0.33,"y":0},"t":27,"s":[0,0],"e":[0,-2],"to":[0,0],"ti":[0,0]},{"i":{"x":0.67,"y":1},"o":{"x":0.33,"y":0},"t":31,"s":[0,-2],"e":[0,0],"to":[0,0],"ti":[0,0]},{"i":{"x":0.67,"y":1},"o":{"x":0.33,"y":0},"t":36,"s":[0,0],"e":[0,-1.5],"to":[0,0],"ti":[0,0]},{"i":{"x":0.67,"y":1},"o":{"x":0.33,"y":0},"t":41,"s":[0,-1.5],"e":[0,0],"to":[0,0],"ti":[0,0]},{"i":{"x":0.67,"y":1},"o":{"x":0.33,"y":0},"t":46,"s":[0,0],"e":[0,-1],"to":[0,0],"ti":[0,0]},{"i":{"x":0.67,"y":1},"o":{"x":0.33,"y":0},"t":50,"s":[0,-1],"e":[0,0],"to":[0,0],"ti":[0,0]},{"i":{"x":0.67,"y":1},"o":{"x":0.33,"y":0},"t":54,"s":[0,0],"e":[0,-0.6],"to":[0,0],"ti":[0,0]},{"i":{"x":0.67,"y":1},"o":{"x":0.33,"y":0},"t":59,"s":[0,-0.6],"e":[0,0],"to":[0,0],"ti":[0,0]},{"i":{"x":0.67,"y":1},"o":{"x":0.33,"y":0},"t":63,"s":[0,0],"e":[0,0.4],"to":[0,0],"ti":[0,0]},{"i":{"x":0.67,"y":1},"o":{"x":0.33,"y":0},"t":68,"s":[0,0.4],"e":[0,0],"to":[0,0],"ti":[0,0]},{"t":78}]}},{"ty":"fl","c":{"a":0,"k":[1,1,1]},"o":{"a":0,"k":100},"r":1,"bm":0},{"ty":"tr","p":{"a":0,"k":[0,0]},"a":{"a":0,"k":[0,0]},"s":{"a":0,"k":[100,100]},"r":{"a":0,"k":0},"o":{"a":0,"k":100},"sk":{"a":0,"k":0},"sa":{"a":0,"k":0}}],"bm":0}],"ip":0,"op":130,"st":5,"cp":true,"bm":0}],"markers":[],"chars":[{"ch":"1","size":28,"style":"Semibold","w":57.08,"data":{"shapes":[{"ty":"gr","it":[{"ind":0,"ty":"sh","ks":{"a":0,"k":{"i":[[0,0],[0,0],[0,0],[0,0],[-1.09,0.95],[-0.75,0.78],[0,-5.5],[0,0],[0,0]],"o":[[0,0],[0,0],[0,0],[6.22,-5.04],[1.09,-0.94],[-0.26,3.22],[0,0],[0,0],[0,0]],"v":[[38.09,-71.39],[28.52,-71.39],[7.52,-54.88],[13.28,-47.61],[24.24,-56.59],[27,-59.18],[26.61,-46.09],[26.61,0],[38.09,0]],"c":true}}}],"bm":0}]},"fFamily":"Open Sans"}]}