{"v":"4.8.0","meta":{"g":"LottieFiles AE 0.1.20","a":"","k":"","d":"","tc":"none"},"fr":30,"ip":0,"op":30,"w":182,"h":182,"ddd":0,"assets":[],"layers":[{"ddd":0,"ind":2,"ty":1,"sr":1,"ks":{"o":{"a":0,"k":100},"r":{"a":0,"k":0},"p":{"a":0,"k":[91.5,91.25,0]},"a":{"a":0,"k":[50,50,0]},"s":{"a":0,"k":[182,182,100]}},"ao":0,"hasMask":true,"masksProperties":[{"inv":false,"mode":"a","pt":{"a":1,"k":[{"i":{"x":0.83,"y":0.83},"o":{"x":0.17,"y":0.17},"t":10,"s":[{"i":[[0.9,-0.9],[0,0],[-0.9,-0.9],[0,0],[-0.9,0.9],[0,0],[0.9,0.9],[0,0]],"o":[[0,0],[-0.9,0.9],[0,0],[0.9,0.9],[0,0],[0.9,-0.9],[0,0],[-0.9,-0.9]],"v":[[28.74,45.8],[22.99,51.56],[22.99,54.82],[32.61,64.61],[35.87,64.61],[41.62,58.86],[41.62,55.6],[32,45.8]],"c":true}]},{"t":11,"s":[{"i":[[0.9,-0.9],[0,0],[-0.9,-0.9],[0,0],[-0.9,0.9],[0,0],[0.9,0.9],[0,0]],"o":[[0,0],[-0.9,0.9],[0,0],[0.9,0.9],[0,0],[0.9,-0.9],[0,0],[-0.9,-0.9]],"v":[[28.74,45.8],[22.99,51.56],[22.99,54.82],[42.05,74.17],[45.31,74.17],[51.06,68.42],[51.06,65.16],[32,45.8]],"c":true}]}]},"o":{"a":0,"k":100},"x":{"a":0,"k":0}}],"sw":100,"sh":100,"sc":"#77c700","ip":10,"op":909,"st":9,"bm":0},{"ddd":0,"ind":3,"ty":1,"sr":1,"ks":{"o":{"a":0,"k":100},"r":{"a":0,"k":90},"p":{"a":0,"k":[91,91,0]},"a":{"a":0,"k":[50,50,0]},"s":{"a":0,"k":[182,182,100]}},"ao":0,"hasMask":true,"masksProperties":[{"inv":false,"mode":"a","pt":{"a":1,"k":[{"i":{"x":0.2,"y":1},"o":{"x":0.17,"y":0.17},"t":11,"s":[{"i":[[0.9,-0.9],[0,0],[-0.9,-0.9],[0,0],[-0.9,0.9],[0,0],[0.9,0.9],[0,0]],"o":[[0,0],[-0.9,0.9],[0,0],[0.9,0.9],[0,0],[0.9,-0.9],[0,0],[-0.9,-0.9]],"v":[[65.94,48.99],[60.19,54.75],[60.19,58.01],[65.05,63.19],[68.31,63.19],[74.06,57.44],[74.06,54.18],[69.2,48.99]],"c":true}]},{"i":{"x":0.67,"y":1},"o":{"x":0.33,"y":0},"t":17,"s":[{"i":[[0.9,-0.9],[0,0],[-0.9,-0.9],[0,0],[-0.9,0.9],[0,0],[0.9,0.9],[0,0]],"o":[[0,0],[-0.9,0.9],[0,0],[0.9,0.9],[0,0],[0.9,-0.9],[0,0],[-0.9,-0.9]],"v":[[30.27,13.13],[24.52,18.88],[24.52,22.14],[65.05,63.19],[68.31,63.19],[74.06,57.44],[74.06,54.18],[33.53,13.13]],"c":true}]},{"t":20,"s":[{"i":[[0.9,-0.9],[0,0],[-0.9,-0.9],[0,0],[-0.9,0.9],[0,0],[0.9,0.9],[0,0]],"o":[[0,0],[-0.9,0.9],[0,0],[0.9,0.9],[0,0],[0.9,-0.9],[0,0],[-0.9,-0.9]],"v":[[37.27,20.29],[31.52,26.04],[31.52,29.3],[65.05,63.19],[68.31,63.19],[74.06,57.44],[74.06,54.18],[40.53,20.29]],"c":true}]}]},"o":{"a":0,"k":100},"x":{"a":0,"k":0}}],"sw":100,"sh":100,"sc":"#6aa511","ip":11,"op":906,"st":6,"bm":0},{"ddd":0,"ind":4,"ty":1,"sr":1,"ks":{"o":{"a":0,"k":100},"r":{"a":0,"k":0},"p":{"a":0,"k":[91,91,0]},"a":{"a":0,"k":[50,50,0]},"s":{"a":0,"k":[182,182,100]}},"ao":0,"hasMask":true,"masksProperties":[{"inv":false,"mode":"a","pt":{"a":1,"k":[{"i":{"x":0.1,"y":1},"o":{"x":0.9,"y":0},"t":0,"s":[{"i":[[-28.5,0.5],[0,-27.61],[-27.61,0],[0,27.61]],"o":[[-27.61,0],[0,27.61],[-28.5,-0.5],[0,-27.61]],"v":[[50,0],[0,50],[50,100],[0,50]],"c":true}]},{"t":11,"s":[{"i":[[27.61,0],[0,-27.61],[-27.61,0],[0,27.61]],"o":[[-27.61,0],[0,27.61],[27.61,0],[0,-27.61]],"v":[[50,0],[0,50],[50,100],[100,50]],"c":true}]}]},"o":{"a":0,"k":100},"x":{"a":0,"k":0}}],"sw":100,"sh":100,"sc":"#e1f6c4","ip":0,"op":900,"st":0,"bm":0}],"markers":[]}