{"v":"4.8.0","meta":{"g":"LottieFiles AE 1.0.0","a":"","k":"","d":"","tc":""},"fr":30,"ip":0,"op":30,"w":182,"h":182,"ddd":0,"assets":[],"layers":[{"ddd":0,"ind":1,"ty":4,"sr":1,"ks":{"o":{"a":0,"k":100},"r":{"a":0,"k":0},"p":{"a":0,"k":[90.54,76,0]},"a":{"a":0,"k":[0,0,0]},"s":{"a":0,"k":[100,100,100]}},"ao":0,"shapes":[{"ty":"gr","it":[{"ind":0,"ty":"sh","ks":{"a":1,"k":[{"i":{"x":0.67,"y":1},"o":{"x":0.17,"y":0.17},"t":13,"s":[{"i":[[0,0],[0,0],[0,0],[0,0]],"o":[[0,0],[0,0],[0,0],[0,0]],"v":[[41.49,-15],[41.54,-12],[41.54,12],[41.49,15]],"c":true}]},{"i":{"x":0.67,"y":1},"o":{"x":0.33,"y":0},"t":19,"s":[{"i":[[0,0],[0,0],[0,0],[0,0]],"o":[[0,0],[0,0],[0,0],[0,0]],"v":[[-60.36,-15.18],[35.54,-12],[35.54,12],[-60.36,14.82]],"c":true}]},{"t":22,"s":[{"i":[[0,0],[0,0],[0,0],[0,0]],"o":[[0,0],[0,0],[0,0],[0,0]],"v":[[-41.54,-15],[41.54,-12],[41.54,12],[-41.54,15]],"c":true}]}]}},{"ty":"rd","r":{"a":0,"k":7.43}},{"ty":"fl","c":{"a":0,"k":[1,0.78823530674,0,1]},"o":{"a":0,"k":100},"r":1,"bm":0},{"ty":"tr","p":{"a":0,"k":[0,0]},"a":{"a":0,"k":[0,0]},"s":{"a":0,"k":[100,100]},"r":{"a":0,"k":90},"o":{"a":0,"k":100},"sk":{"a":0,"k":0},"sa":{"a":0,"k":0}}],"bm":0}],"ip":13,"op":163,"st":13,"bm":0},{"ddd":0,"ind":2,"ty":4,"sr":1,"ks":{"o":{"a":0,"k":100},"r":{"a":0,"k":0},"p":{"a":0,"k":[91,139,0]},"a":{"a":0,"k":[0,0,0]},"s":{"a":0,"k":[100,100,100]}},"ao":0,"shapes":[{"ty":"gr","it":[{"ind":0,"ty":"sh","ks":{"a":1,"k":[{"i":{"x":0.67,"y":1},"o":{"x":0.17,"y":0.17},"t":9,"s":[{"i":[[0,0],[0,0],[0,0],[0,0]],"o":[[0,0],[0,0],[0,0],[0,0]],"v":[[12,-12],[12,-12],[12,12],[12,12]],"c":true}]},{"i":{"x":0.67,"y":1},"o":{"x":0.33,"y":0},"t":13,"s":[{"i":[[0,0],[0,0],[0,0],[0,0]],"o":[[0,0],[0,0],[0,0],[0,0]],"v":[[-23,-12],[9.5,-12],[9.5,12],[-23,12]],"c":true}]},{"t":16,"s":[{"i":[[0,0],[0,0],[0,0],[0,0]],"o":[[0,0],[0,0],[0,0],[0,0]],"v":[[-12,-12],[12,-12],[12,12],[-12,12]],"c":true}]}]}},{"ty":"rd","r":{"a":0,"k":7.43}},{"ty":"fl","c":{"a":0,"k":[1,0.698039233685,0,1]},"o":{"a":0,"k":100},"r":1,"bm":0},{"ty":"tr","p":{"a":0,"k":[0,0]},"a":{"a":0,"k":[0,0]},"s":{"a":0,"k":[100,100]},"r":{"a":0,"k":90},"o":{"a":0,"k":100},"sk":{"a":0,"k":0},"sa":{"a":0,"k":0}}],"bm":0}],"ip":9,"op":159,"st":9,"bm":0},{"ddd":0,"ind":6,"ty":1,"sr":1,"ks":{"o":{"a":0,"k":100},"r":{"a":0,"k":0},"p":{"a":0,"k":[91,91,0]},"a":{"a":0,"k":[50,50,0]},"s":{"a":0,"k":[182,182,100]}},"ao":0,"hasMask":true,"masksProperties":[{"inv":false,"mode":"a","pt":{"a":1,"k":[{"i":{"x":0.1,"y":1},"o":{"x":0.9,"y":0},"t":0,"s":[{"i":[[-28.5,0.5],[0,-27.61],[-27.61,0],[0,27.61]],"o":[[-27.61,0],[0,27.61],[-28.5,-0.5],[0,-27.61]],"v":[[50,0],[0,50],[50,100],[0,50]],"c":true}]},{"t":11,"s":[{"i":[[27.61,0],[0,-27.61],[-27.61,0],[0,27.61]],"o":[[-27.61,0],[0,27.61],[27.61,0],[0,-27.61]],"v":[[50,0],[0,50],[50,100],[100,50]],"c":true}]}]},"o":{"a":0,"k":100},"x":{"a":0,"k":0}}],"sw":100,"sh":100,"sc":"#fff8b6","ip":0,"op":900,"st":0,"bm":0}],"markers":[]}